current_sequential_id,name,shrine_name,chest_number,region,categories,dungeon,map_file,actor_name,hash_id_unsigned,drop_actor,drop_table,persistent_flag_candidate,assignment_status,verified
227,Akh Va'quot Shrine - Chest 1,Akh Va'quot Shrine,1,Tabantha,Tabantha Shrines;Shrine Chests,Dungeon035,Dungeon035_Static.xml,TBox_Dungeon_Stone,450234134,Item_Enemy_30,Normal,CDungeon_TBox_Dungeon_Stone_450234134,provisional_assignment,TRUE
228,Akh Va'quot Shrine - Chest 2,Akh Va'quot Shrine,2,Tabantha,Tabantha Shrines;Shrine Chests,Dungeon035,Dungeon035_Static.xml,TBox_Dungeon_Stone,2699775799,Weapon_Spear_032,Normal,CDungeon_TBox_Dungeon_Stone_2699775799,provisional_assignment,TRUE
229,Akh Va'quot Shrine - Chest 3,Akh Va'quot Shrine,3,Tabantha,Tabantha Shrines;Shrine Chests,Dungeon035,Dungeon035_Static.xml,TBox_Dungeon_Stone,4270154666,Item_Ore_C,Normal,CDungeon_TBox_Dungeon_Stone_4270154666,provisional_assignment,TRUE
231,Bareeda Naag Shrine - Chest 1,Bareeda Naag Shrine,1,Tabantha,Tabantha Shrines;Shrine Chests,Dungeon008,Dungeon008_Static.xml,TBox_Dungeon_Stone,159148495,Weapon_Bow_016,Normal,CDungeon_TBox_Dungeon_Stone_159148495,provisional_assignment,TRUE
232,Bareeda Naag Shrine - Chest 2,Bareeda Naag Shrine,2,Tabantha,Tabantha Shrines;Shrine Chests,Dungeon008,Dungeon008_Static.xml,TBox_Dungeon_Stone,3513544036,Item_Ore_A,Normal,CDungeon_TBox_Dungeon_Stone_3513544036,provisional_assignment,TRUE
45,Bosh Kala Shrine - Chest 1,Bosh Kala Shrine,1,Dueling Peaks,Dueling Peaks Shrines;Shrine Chests,Dungeon007,Dungeon007_Static.xml,TBox_Dungeon_Stone,2677842568,Item_Ore_F,Normal,CDungeon_TBox_Dungeon_Stone_2677842568,provisional_assignment,TRUE
46,Bosh Kala Shrine - Chest 2,Bosh Kala Shrine,2,Dueling Peaks,Dueling Peaks Shrines;Shrine Chests,Dungeon007,Dungeon007_Static.xml,TBox_Dungeon_Stone,4073483487,Weapon_Lsword_002,Normal,CDungeon_TBox_Dungeon_Stone_4073483487,provisional_assignment,TRUE
69,Chaas Qeta Shrine - Chest,Chaas Qeta Shrine,1,Necluda,Necluda Shrines;Shrine Chests,Dungeon082,Dungeon082_Static.xml,TBox_Dungeon_Stone,2231710576,Armor_014_Upper,Normal,CDungeon_TBox_Dungeon_Stone_2231710576,provisional_assignment,TRUE
192,Daag Chokah Shrine - Chest,Daag Chokah Shrine,1,Great Hyrule Forest,Great Hyrule Forest Shrines;Shrine Chests,Dungeon098,Dungeon098_Static.xml,TBox_Dungeon_Iron,3264264754,Item_Enemy_30,Normal,CDungeon_TBox_Dungeon_Iron_3264264754,provisional_assignment,TRUE
108,Dagah Keek Shrine - Chest,Dagah Keek Shrine,1,Lanayru,Lanayru Shrines;Shrine Chests,Dungeon101,Dungeon101_Static.xml,TBox_Dungeon_Stone,849632171,PutRupee_Silver,Normal,CDungeon_TBox_Dungeon_Stone_849632171,provisional_assignment,TRUE
175,Dah Hesho Shrine - Chest,Dah Hesho Shrine,1,Akkala,Akkala Shrines;Shrine Chests,Dungeon075,Dungeon075_Static.xml,TBox_Dungeon_Stone,1908915428,Item_Enemy_31,Normal,CDungeon_TBox_Dungeon_Stone_1908915428,provisional_assignment,TRUE
23,Dah Kaso Shrine - Chest,Dah Kaso Shrine,1,Central Hyrule,Central Hyrule Shrines;Shrine Chests,Dungeon072,Dungeon072_Static.xml,TBox_Dungeon_Stone,992999892,Item_Enemy_30,Normal,CDungeon_TBox_Dungeon_Stone_992999892,provisional_assignment,TRUE
110,Daka Tuss Shrine - Chest,Daka Tuss Shrine,1,Lanayru,Lanayru Shrines;Shrine Chests,Dungeon033,Dungeon033_Static.xml,TBox_Dungeon_Stone,1852894353,Weapon_Lsword_027,Normal,CDungeon_TBox_Dungeon_Stone_1852894353,provisional_assignment,TRUE
287,Dako Tah Shrine - Chest 1,Dako Tah Shrine,1,Gerudo Desert,Gerudo Desert Shrines;Shrine Chests,Dungeon032,Dungeon032_Static.xml,TBox_Dungeon_Stone,1366576292,PutRupee_Silver,Normal,CDungeon_TBox_Dungeon_Stone_1366576292,provisional_assignment,
288,Dako Tah Shrine - Chest 2,Dako Tah Shrine,2,Gerudo Desert,Gerudo Desert Shrines;Shrine Chests,Dungeon032,Dungeon032_Static.xml,TBox_Dungeon_Stone,2298702348,Item_Enemy_30,Normal,CDungeon_TBox_Dungeon_Stone_2298702348,provisional_assignment,TRUE
289,Dako Tah Shrine - Chest 3,Dako Tah Shrine,3,Gerudo Desert,Gerudo Desert Shrines;Shrine Chests,Dungeon032,Dungeon032_Static.xml,TBox_Dungeon_Stone,2917484848,Weapon_Shield_036,Normal,CDungeon_TBox_Dungeon_Stone_2917484848,provisional_assignment,
290,Dako Tah Shrine - Chest 4,Dako Tah Shrine,4,Gerudo Desert,Gerudo Desert Shrines;Shrine Chests,Dungeon032,Dungeon032_Static.xml,TBox_Dungeon_Stone,4223476174,Weapon_Sword_030,Normal,CDungeon_TBox_Dungeon_Stone_4223476174,provisional_assignment,
136,Daqa Koh Shrine - Chest,Daqa Koh Shrine,1,Eldin,Eldin Shrines;Shrine Chests,Dungeon064,Dungeon064_Static.xml,TBox_Dungeon_Stone,3884443295,PutRupee_Silver,Normal,CDungeon_TBox_Dungeon_Stone_3884443295,provisional_assignment,TRUE
292,Daqo Chisay Shrine - Chest,Daqo Chisay Shrine,1,Gerudo Desert,Gerudo Desert Shrines;Shrine Chests,Dungeon060,Dungeon060_Static.xml,TBox_Dungeon_Iron,32387787,Weapon_Sword_035,Normal,CDungeon_TBox_Dungeon_Iron_32387787,provisional_assignment,TRUE
294,Dila Maag Shrine - Chest,Dila Maag Shrine,1,Gerudo Desert,Gerudo Desert Shrines;Shrine Chests,Dungeon103,Dungeon103_Static.xml,TBox_Dungeon_Stone,3735012660,Armor_048_Upper,Normal,CDungeon_TBox_Dungeon_Stone_3735012660,provisional_assignment,TRUE
71,Dow Na'eh Shrine - Chest 1,Dow Na'eh Shrine,1,Necluda,Necluda Shrines;Shrine Chests,Dungeon019,Dungeon019_Static.xml,TBox_Dungeon_Iron,896824088,Item_Ore_E,Normal,CDungeon_TBox_Dungeon_Iron_896824088,provisional_assignment,TRUE
72,Dow Na'eh Shrine - Chest 2,Dow Na'eh Shrine,2,Necluda,Necluda Shrines;Shrine Chests,Dungeon019,Dungeon019_Static.xml,TBox_Dungeon_Iron,1114850190,Weapon_Sword_027,Normal,CDungeon_TBox_Dungeon_Iron_1114850190,provisional_assignment,TRUE
73,Dow Na'eh Shrine - Chest 3,Dow Na'eh Shrine,3,Necluda,Necluda Shrines;Shrine Chests,Dungeon019,Dungeon019_Static.xml,TBox_Dungeon_Iron,1961782765,Item_Ore_F,Normal,CDungeon_TBox_Dungeon_Iron_1961782765,provisional_assignment,TRUE
324,Dunba Taag Shrine - Chest 1,Dunba Taag Shrine,1,Hebra,Hebra Shrines;Shrine Chests,Dungeon055,Dungeon055_Static.xml,TBox_Dungeon_Stone,2319591679,Weapon_Lsword_035,Normal,CDungeon_TBox_Dungeon_Stone_2319591679,provisional_assignment,
325,Dunba Taag Shrine - Chest 2,Dunba Taag Shrine,2,Hebra,Hebra Shrines;Shrine Chests,Dungeon055,Dungeon055_Static.xml,TBox_Dungeon_Stone,3047743907,Weapon_Bow_017,Normal,CDungeon_TBox_Dungeon_Stone_3047743907,provisional_assignment,
20,Etsu Korima Shrine - Chest,Etsu Korima Shrine,1,Great Plateau (One-Hit Obliterator),Great Plateau Shrines;The Champions' Ballad DLC;Shrine Chests,Dungeon122,Dungeon122_Static.xml,TBox_Dungeon_Iron,4075460597,PutRupee_Gold,Normal,CDungeon_TBox_Dungeon_Iron_4075460597,provisional_assignment,TRUE
327,Gee Ha'rah Shrine - Chest,Gee Ha'rah Shrine,1,Hebra,Hebra Shrines;Shrine Chests,Dungeon052,Dungeon052_Static.xml,TBox_Dungeon_Stone,2975470194,Item_Ore_A,Normal,CDungeon_TBox_Dungeon_Stone_2975470194,provisional_assignment,TRUE
329,Goma Asaagh Shrine - Chest,Goma Asaagh Shrine,1,Hebra,Hebra Shrines;Shrine Chests,Dungeon086,Dungeon086_Static.xml,TBox_Dungeon_Stone,289382806,Weapon_Lsword_024,Normal,CDungeon_TBox_Dungeon_Stone_289382806,provisional_assignment,TRUE
138,Gorae Torr Shrine - Chest,Gorae Torr Shrine,1,Eldin,Eldin Shrines;Shrine Chests,Dungeon091,Dungeon091_Static.xml,TBox_Dungeon_Iron,1597604003,Weapon_Lsword_034,Normal,CDungeon_TBox_Dungeon_Iron_1597604003,provisional_assignment,TRUE
48,Ha Dahamar Shrine - Chest,Ha Dahamar Shrine,1,Dueling Peaks,Dueling Peaks Shrines;Shrine Chests,Dungeon045,Dungeon045_Static.xml,TBox_Dungeon_Stone,787648808,PutRupee_Purple,Normal,CDungeon_TBox_Dungeon_Stone_787648808,provisional_assignment,TRUE
296,Hawa Koth Shrine - Chest 1,Hawa Koth Shrine,1,Gerudo Desert,Gerudo Desert Shrines;Shrine Chests,Dungeon003,Dungeon003_Static.xml,TBox_Dungeon_Stone,638977289,Item_Ore_C,Normal,CDungeon_TBox_Dungeon_Stone_638977289,provisional_assignment,
297,Hawa Koth Shrine - Chest 2,Hawa Koth Shrine,2,Gerudo Desert,Gerudo Desert Shrines;Shrine Chests,Dungeon003,Dungeon003_Static.xml,TBox_Dungeon_Stone,2441275272,PutRupee_Gold,Normal,CDungeon_TBox_Dungeon_Stone_2441275272,provisional_assignment,TRUE
298,Hawa Koth Shrine - Chest 3,Hawa Koth Shrine,3,Gerudo Desert,Gerudo Desert Shrines;Shrine Chests,Dungeon003,Dungeon003_Static.xml,TBox_Dungeon_Iron,3284159718,Item_Enemy_30,Normal,CDungeon_TBox_Dungeon_Iron_3284159718,provisional_assignment,
331,Hia Miu Shrine - Chest,Hia Miu Shrine,1,Hebra,Hebra Shrines;Shrine Chests,Dungeon088,Dungeon088_Static.xml,TBox_Dungeon_Stone,262007905,Item_Ore_C,Normal,CDungeon_TBox_Dungeon_Stone_262007905,provisional_assignment,TRUE
50,Hila Rao Shrine - Chest 1,Hila Rao Shrine,1,Dueling Peaks,Dueling Peaks Shrines;Shrine Chests,Dungeon029,Dungeon029_Static.xml,TBox_Dungeon_Iron,771359327,Item_Ore_E,Normal,CDungeon_TBox_Dungeon_Iron_771359327,provisional_assignment,TRUE
51,Hila Rao Shrine - Chest 2,Hila Rao Shrine,2,Dueling Peaks,Dueling Peaks Shrines;Shrine Chests,Dungeon029,Dungeon029_Static.xml,TBox_Dungeon_Wood,2545300147,Obj_IceArrow_A_03,Normal,CDungeon_TBox_Dungeon_Wood_2545300147,provisional_assignment,TRUE
211,Ishto Soh Shrine - Chest 1,Ishto Soh Shrine,1,Lake Hylia,Lake Hylia Shrines;Shrine Chests,Dungeon069,Dungeon069_Static.xml,TBox_Dungeon_Stone,582159315,Item_Ore_D,Normal,CDungeon_TBox_Dungeon_Stone_582159315,provisional_assignment,TRUE
212,Ishto Soh Shrine - Chest 2,Ishto Soh Shrine,2,Lake Hylia,Lake Hylia Shrines;Shrine Chests,Dungeon069,Dungeon069_Static.xml,TBox_Dungeon_Stone,1505890884,Item_Enemy_30,Normal,CDungeon_TBox_Dungeon_Stone_1505890884,provisional_assignment,TRUE
2,Ja Baij Shrine - Chest 1,Ja Baij Shrine,1,Great Plateau,Great Plateau Shrines;Shrine Chests,Dungeon041,Dungeon041_Static.xml,TBox_Dungeon_Stone,235083489,Weapon_Lsword_001,Normal,CDungeon_TBox_Dungeon_Stone_235083489,provisional_assignment,TRUE
3,Ja Baij Shrine - Chest 2,Ja Baij Shrine,2,Great Plateau,Great Plateau Shrines;Shrine Chests,Dungeon041,Dungeon041_Static.xml,TBox_Dungeon_Stone,4192706961,Item_Ore_F,Normal,CDungeon_TBox_Dungeon_Stone_4192706961,provisional_assignment,TRUE
300,Jee Noh Shrine - Chest,Jee Noh Shrine,1,Gerudo Desert,Gerudo Desert Shrines;Shrine Chests,Dungeon001,Dungeon001_Static.xml,TBox_Dungeon_Iron,3852730446,Item_Ore_E,Normal,CDungeon_TBox_Dungeon_Iron_3852730446,provisional_assignment,TRUE
75,Jitan Sa'mi Shrine - Chest,Jitan Sa'mi Shrine,1,Necluda,Necluda Shrines;Shrine Chests,Dungeon117,Dungeon117_Static.xml,TBox_Dungeon_Stone,993230,Weapon_Spear_034,Normal,CDungeon_TBox_Dungeon_Stone_993230,provisional_assignment,TRUE
273,Joloo Nah Shrine - Chest 1,Joloo Nah Shrine,1,Gerudo Highlands,Gerudo Highlands Shrines;Shrine Chests,Dungeon030,Dungeon030_Static.xml,TBox_Dungeon_Iron,296010651,Weapon_Spear_029,Normal,CDungeon_TBox_Dungeon_Iron_296010651,provisional_assignment,
274,Joloo Nah Shrine - Chest 2,Joloo Nah Shrine,2,Gerudo Highlands,Gerudo Highlands Shrines;Shrine Chests,Dungeon030,Dungeon030_Static.xml,TBox_Dungeon_Stone,2758576440,Weapon_Lsword_029,Normal,CDungeon_TBox_Dungeon_Stone_2758576440,provisional_assignment,
25,Kaam Ya'tak Shrine - Chest 1,Kaam Ya'tak Shrine,1,Central Hyrule,Central Hyrule Shrines;Shrine Chests,Dungeon040,Dungeon040_Static.xml,TBox_Dungeon_Stone,616546705,Item_Enemy_30,Normal,CDungeon_TBox_Dungeon_Stone_616546705,provisional_assignment,
26,Kaam Ya'tak Shrine - Chest 2,Kaam Ya'tak Shrine,2,Central Hyrule,Central Hyrule Shrines;Shrine Chests,Dungeon040,Dungeon040_Static.xml,TBox_Dungeon_Stone,1402060224,Weapon_Sword_003,Normal,CDungeon_TBox_Dungeon_Stone_1402060224,provisional_assignment,TRUE
27,Kaam Ya'tak Shrine - Chest 3,Kaam Ya'tak Shrine,3,Central Hyrule,Central Hyrule Shrines;Shrine Chests,Dungeon040,Dungeon040_Static.xml,TBox_Dungeon_Stone,2202095126,Item_Ore_A,Normal,CDungeon_TBox_Dungeon_Stone_2202095126,provisional_assignment,
28,Kaam Ya'tak Shrine - Chest 4,Kaam Ya'tak Shrine,4,Central Hyrule,Central Hyrule Shrines;Shrine Chests,Dungeon040,Dungeon040_Static.xml,TBox_Dungeon_Stone,2914122144,PutRupee_Silver,Normal,CDungeon_TBox_Dungeon_Stone_2914122144,provisional_assignment,TRUE
29,Kaam Ya'tak Shrine - Chest 5,Kaam Ya'tak Shrine,5,Central Hyrule,Central Hyrule Shrines;Shrine Chests,Dungeon040,Dungeon040_Static.xml,TBox_Dungeon_Stone,3497573834,Weapon_Lsword_055,Normal,CDungeon_TBox_Dungeon_Stone_3497573834,provisional_assignment,
112,Kah Mael Shrine - Chest,Kah Mael Shrine,1,Lanayru,Lanayru Shrines;Shrine Chests,Dungeon066,Dungeon066_Static.xml,TBox_Dungeon_Stone,215071769,Item_Ore_A,Normal,CDungeon_TBox_Dungeon_Stone_215071769,provisional_assignment,TRUE
234,Kah Okeo Shrine - Chest 1,Kah Okeo Shrine,1,Tabantha,Tabantha Shrines;Shrine Chests,Dungeon059,Dungeon059_Static.xml,TBox_Dungeon_Stone,889586639,PutRupee_Gold,Normal,CDungeon_TBox_Dungeon_Stone_889586639,provisional_assignment,
235,Kah Okeo Shrine - Chest 2,Kah Okeo Shrine,2,Tabantha,Tabantha Shrines;Shrine Chests,Dungeon059,Dungeon059_Static.xml,TBox_Dungeon_Stone,2150412173,KeySmall,Normal,CDungeon_TBox_Dungeon_Stone_2150412173,provisional_assignment,
236,Kah Okeo Shrine - Chest 3,Kah Okeo Shrine,3,Tabantha,Tabantha Shrines;Shrine Chests,Dungeon059,Dungeon059_Static.xml,TBox_Dungeon_Stone,2402635144,Weapon_Lsword_056,Normal,CDungeon_TBox_Dungeon_Stone_2402635144,provisional_assignment,
237,Kah Okeo Shrine - Chest 4,Kah Okeo Shrine,4,Tabantha,Tabantha Shrines;Shrine Chests,Dungeon059,Dungeon059_Static.xml,TBox_Dungeon_Stone,3055684308,Item_Enemy_31,Normal,CDungeon_TBox_Dungeon_Stone_3055684308,provisional_assignment,
238,Kah Okeo Shrine - Chest 5,Kah Okeo Shrine,5,Tabantha,Tabantha Shrines;Shrine Chests,Dungeon059,Dungeon059_Static.xml,TBox_Dungeon_Stone,3147218512,Weapon_Sword_025,Normal,CDungeon_TBox_Dungeon_Stone_3147218512,provisional_assignment,
239,Kah Okeo Shrine - Chest 6,Kah Okeo Shrine,6,Tabantha,Tabantha Shrines;Shrine Chests,Dungeon059,Dungeon059_Static.xml,TBox_Dungeon_Stone,3495362814,Weapon_Spear_035,Normal,CDungeon_TBox_Dungeon_Stone_3495362814,provisional_assignment,TRUE
87,Kah Yah Shrine - Chest 1,Kah Yah Shrine,1,Faron,Faron Shrines;Shrine Chests,Dungeon034,Dungeon034_Static.xml,TBox_Dungeon_Stone,445242426,Weapon_Lsword_003,Normal,CDungeon_TBox_Dungeon_Stone_445242426,provisional_assignment,
88,Kah Yah Shrine - Chest 2,Kah Yah Shrine,2,Faron,Faron Shrines;Shrine Chests,Dungeon034,Dungeon034_Static.xml,TBox_Dungeon_Stone,1223731997,KeySmall,Normal,CDungeon_TBox_Dungeon_Stone_1223731997,provisional_assignment,
170,Kamia Omuna Shrine - Chest,Kamia Omuna Shrine,1,Eldin,Eldin Shrines;Shrine Chests,Dungeon130,Dungeon130_Static.xml,TBox_Dungeon_Iron,2937439544,Item_Ore_A,Normal,CDungeon_TBox_Dungeon_Iron_2937439544,provisional_assignment,TRUE
77,Kam Urog Shrine - Chest 1,Kam Urog Shrine,1,Necluda,Necluda Shrines;Shrine Chests,Dungeon014,Dungeon014_Static.xml,TBox_Dungeon_Stone,2374996813,Weapon_Spear_002,Normal,CDungeon_TBox_Dungeon_Stone_2374996813,provisional_assignment,
78,Kam Urog Shrine - Chest 2,Kam Urog Shrine,2,Necluda,Necluda Shrines;Shrine Chests,Dungeon014,Dungeon014_Static.xml,TBox_Dungeon_Stone,3513966293,Item_Ore_E,Normal,CDungeon_TBox_Dungeon_Stone_3513966293,provisional_assignment,
214,Ka'o Makagh Shrine - Chest 1,Ka'o Makagh Shrine,1,Lake Hylia,Lake Hylia Shrines;Shrine Chests,Dungeon054,Dungeon054_Static.xml,TBox_Dungeon_Iron,393155234,Item_Ore_E,Normal,CDungeon_TBox_Dungeon_Iron_393155234,provisional_assignment,
215,Ka'o Makagh Shrine - Chest 2,Ka'o Makagh Shrine,2,Lake Hylia,Lake Hylia Shrines;Shrine Chests,Dungeon054,Dungeon054_Static.xml,TBox_Dungeon_Stone,2042129072,Weapon_Bow_001,Normal,CDungeon_TBox_Dungeon_Stone_2042129072,provisional_assignment,
216,Ka'o Makagh Shrine - Chest 3,Ka'o Makagh Shrine,3,Lake Hylia,Lake Hylia Shrines;Shrine Chests,Dungeon054,Dungeon054_Static.xml,TBox_Dungeon_Stone,3705447709,PutRupee_Gold,Normal,CDungeon_TBox_Dungeon_Stone_3705447709,provisional_assignment,
31,Katah Chuki Shrine - Chest,Katah Chuki Shrine,1,Central Hyrule,Central Hyrule Shrines;Shrine Chests,Dungeon073,Dungeon073_Static.xml,TBox_Dungeon_Stone,628803076,Weapon_Spear_024,Normal,CDungeon_TBox_Dungeon_Stone_628803076,provisional_assignment,TRUE
177,Katosa Aug Shrine - Chest,Katosa Aug Shrine,1,Akkala,Akkala Shrines;Shrine Chests,Dungeon013,Dungeon013_Static.xml,TBox_Dungeon_Stone,130001776,Weapon_Lsword_034,Normal,CDungeon_TBox_Dungeon_Stone_130001776,provisional_assignment,TRUE
114,Kaya Wan Shrine - Chest 1,Kaya Wan Shrine,1,Lanayru,Lanayru Shrines;Shrine Chests,Dungeon049,Dungeon049_Static.xml,TBox_Dungeon_Stone,4012296241,Weapon_Sword_003,Normal,CDungeon_TBox_Dungeon_Stone_4012296241,provisional_assignment,
115,Kaya Wan Shrine - Chest 2,Kaya Wan Shrine,2,Lanayru,Lanayru Shrines;Shrine Chests,Dungeon049,Dungeon049_Static.xml,TBox_Dungeon_Wood,4214849996,Item_Enemy_30,Normal,CDungeon_TBox_Dungeon_Wood_4214849996,provisional_assignment,
302,Kay Noh Shrine - Chest 1,Kay Noh Shrine,1,Gerudo Desert,Gerudo Desert Shrines;Shrine Chests,Dungeon010,Dungeon010_Static.xml,TBox_Dungeon_Iron,1396031621,Weapon_Sword_029,Normal,CDungeon_TBox_Dungeon_Iron_1396031621,provisional_assignment,
303,Kay Noh Shrine - Chest 2,Kay Noh Shrine,2,Gerudo Desert,Gerudo Desert Shrines;Shrine Chests,Dungeon010,Dungeon010_Static.xml,TBox_Dungeon_Stone,3287407663,KeySmall,Normal,CDungeon_TBox_Dungeon_Stone_3287407663,provisional_assignment,
140,Kayra Mah Shrine - Chest 1,Kayra Mah Shrine,1,Eldin,Eldin Shrines;Shrine Chests,Dungeon025,Dungeon025_Static.xml,TBox_Dungeon_Stone,2928701109,Item_Ore_B,Normal,CDungeon_TBox_Dungeon_Stone_2928701109,provisional_assignment,TRUE
141,Kayra Mah Shrine - Chest 2,Kayra Mah Shrine,2,Eldin,Eldin Shrines;Shrine Chests,Dungeon025,Dungeon025_Static.xml,TBox_Dungeon_Stone,3410031031,Obj_BombArrow_A_02,Normal,CDungeon_TBox_Dungeon_Stone_3410031031,provisional_assignment,TRUE
133,Kee Dafunia Shrine - Chest,Kee Dafunia Shrine,1,Lanayru,Lanayru Shrines;The Champions' Ballad DLC;Shrine Chests,Dungeon125,Dungeon125_Static.xml,TBox_Dungeon_Stone,3263521738,Weapon_Sword_034,Normal,CDungeon_TBox_Dungeon_Stone_3263521738,provisional_assignment,TRUE
276,Keeha Yoog Shrine - Chest,Keeha Yoog Shrine,1,Gerudo Highlands,Gerudo Highlands Shrines;Shrine Chests,Dungeon100,Dungeon100_Static.xml,TBox_Dungeon_Stone,2835421124,Item_Ore_A,Normal,CDungeon_TBox_Dungeon_Stone_2835421124,provisional_assignment,TRUE
5,Keh Namut Shrine - Chest,Keh Namut Shrine,1,Great Plateau,Great Plateau Shrines;Shrine Chests,Dungeon065,Dungeon065_Static.xml,TBox_Dungeon_Stone,1490683918,Weapon_Spear_001,Normal,CDungeon_TBox_Dungeon_Stone_1490683918,provisional_assignment,TRUE
317,Keive Tala Shrine - Chest,Keive Tala Shrine,1,Gerudo Desert,Gerudo Desert Shrines;The Champions' Ballad DLC;Shrine Chests,Dungeon133,Dungeon133_Static.xml,TBox_Dungeon_Stone,1178751663,Weapon_Shield_036,Normal,CDungeon_TBox_Dungeon_Stone_1178751663,provisional_assignment,TRUE
278,Kema Kosassa Shrine - Chest,Kema Kosassa Shrine,1,Gerudo Highlands,Gerudo Highlands Shrines;Shrine Chests,Dungeon085,Dungeon085_Static.xml,TBox_Dungeon_Stone,4153981767,PutRupee_Silver,Normal,CDungeon_TBox_Dungeon_Stone_4153981767,provisional_assignment,TRUE
305,Kema Zoos Shrine - Chest,Kema Zoos Shrine,1,Gerudo Desert,Gerudo Desert Shrines;Shrine Chests,Dungeon063,Dungeon063_Static.xml,TBox_Dungeon_Stone,987962398,Weapon_Sword_030,Normal,CDungeon_TBox_Dungeon_Stone_987962398,provisional_assignment,TRUE
179,Ke'nai Shakah Shrine - Chest,Ke'nai Shakah Shrine,1,Akkala,Akkala Shrines;Shrine Chests,Dungeon077,Dungeon077_Static.xml,TBox_Dungeon_Stone,3073200707,Item_Ore_C,Normal,CDungeon_TBox_Dungeon_Stone_3073200707,provisional_assignment,TRUE
194,Keo Ruug Shrine - Chest,Keo Ruug Shrine,1,Great Hyrule Forest,Great Hyrule Forest Shrines;Shrine Chests,Dungeon022,Dungeon022_Static.xml,TBox_Dungeon_Stone,944710900,Weapon_Lsword_003,Normal,CDungeon_TBox_Dungeon_Stone_944710900,provisional_assignment,TRUE
196,Ketoh Wawai Shrine - Chest,Ketoh Wawai Shrine,1,Great Hyrule Forest,Great Hyrule Forest Shrines;Shrine Chests,Dungeon108,Dungeon108_Static.xml,TBox_Dungeon_Stone,2936889658,Item_Enemy_30,Normal,CDungeon_TBox_Dungeon_Stone_2936889658,provisional_assignment,TRUE
355,Kiah Toza Shrine - Chest,Kiah Toza Shrine,1,Hebra,Hebra Shrines;The Champions' Ballad DLC;Shrine Chests,Dungeon128,Dungeon128_Static.xml,TBox_Dungeon_Stone,1082925680,Weapon_Bow_017,Normal,CDungeon_TBox_Dungeon_Stone_1082925680,provisional_assignment,TRUE
321,Kihiro Moh Shrine - Chest,Kihiro Moh Shrine,1,Gerudo Desert,Gerudo Desert Shrines;The Champions' Ballad DLC;Shrine Chests,Dungeon121,Dungeon121_Static.xml,TBox_Dungeon_Stone,1235062787,Weapon_Spear_035,Normal,CDungeon_TBox_Dungeon_Stone_1235062787,provisional_assignment,TRUE
90,Korgu Chideh Shrine - Chest,Korgu Chideh Shrine,1,Faron,Faron Shrines;Shrine Chests,Dungeon097,Dungeon097_Static.xml,TBox_Dungeon_Iron,2953061699,PutRupee_Gold,Normal,CDungeon_TBox_Dungeon_Iron_2953061699,provisional_assignment,TRUE
307,Korsh O'hu Shrine - Chest,Korsh O'hu Shrine,1,Gerudo Desert,Gerudo Desert Shrines;Shrine Chests,Dungeon110,Dungeon110_Static.xml,TBox_Dungeon_Stone,1956105793,Weapon_Spear_033,Normal,CDungeon_TBox_Dungeon_Stone_1956105793,provisional_assignment,TRUE
198,Kuhn Sidajj Shrine - Chest,Kuhn Sidajj Shrine,1,Great Hyrule Forest,Great Hyrule Forest Shrines;Shrine Chests,Dungeon095,Dungeon095_Static.xml,TBox_Dungeon_Iron,1547680732,Item_Enemy_31,Normal,CDungeon_TBox_Dungeon_Iron_1547680732,provisional_assignment,TRUE
280,Kuh Takkar Shrine - Chest,Kuh Takkar Shrine,1,Gerudo Highlands,Gerudo Highlands Shrines;Shrine Chests,Dungeon043,Dungeon043_Static.xml,TBox_Dungeon_Stone,294526304,Weapon_Sword_034,Normal,CDungeon_TBox_Dungeon_Stone_294526304,provisional_assignment,TRUE
53,Lakna Rokee Shrine - Chest,Lakna Rokee Shrine,1,Dueling Peaks,Dueling Peaks Shrines;Shrine Chests,Dungeon112,Dungeon112_Static.xml,TBox_Dungeon_Stone,2561429726,Weapon_Lsword_055,Normal,CDungeon_TBox_Dungeon_Stone_2561429726,provisional_assignment,TRUE
333,Lanno Kooh Shrine - Chest,Lanno Kooh Shrine,1,Hebra,Hebra Shrines;Shrine Chests,Dungeon104,Dungeon104_Static.xml,TBox_Dungeon_Stone,2852596923,PutRupee_Gold,Normal,CDungeon_TBox_Dungeon_Stone_2852596923,provisional_assignment,TRUE
200,Maag Halan Shrine - Chest,Maag Halan Shrine,1,Great Hyrule Forest,Great Hyrule Forest Shrines;Shrine Chests,Dungeon106,Dungeon106_Static.xml,TBox_Dungeon_Stone,1178382884,Item_Enemy_31,Normal,CDungeon_TBox_Dungeon_Stone_1178382884,provisional_assignment,TRUE
252,Maag No'rah Shrine - Chest,Maag No'rah Shrine,1,Hyrule Ridge,Hyrule Ridge Shrines;Shrine Chests,Dungeon092,Dungeon092_Static.xml,TBox_Dungeon_Iron,682054227,PutRupee_Silver,Normal,CDungeon_TBox_Dungeon_Iron_682054227,provisional_assignment,TRUE
131,Mah Eliya Shrine - Chest,Mah Eliya Shrine,1,Lanayru,Lanayru Shrines;The Champions' Ballad DLC;Shrine Chests,Dungeon126,Dungeon126_Static.xml,TBox_Dungeon_Iron,1344934344,Weapon_Shield_022,Normal,CDungeon_TBox_Dungeon_Iron_1344934344,provisional_assignment,TRUE
335,Maka Rah Shrine - Chest 1,Maka Rah Shrine,1,Hebra,Hebra Shrines;Shrine Chests,Dungeon051,Dungeon051_Static.xml,TBox_Dungeon_Iron,1297119120,Item_Enemy_30,Normal,CDungeon_TBox_Dungeon_Iron_1297119120,provisional_assignment,
336,Maka Rah Shrine - Chest 2,Maka Rah Shrine,2,Hebra,Hebra Shrines;Shrine Chests,Dungeon051,Dungeon051_Static.xml,TBox_Dungeon_Iron,2905879506,Item_Ore_A,Normal,CDungeon_TBox_Dungeon_Iron_2905879506,provisional_assignment,TRUE
337,Maka Rah Shrine - Chest 3,Maka Rah Shrine,3,Hebra,Hebra Shrines;Shrine Chests,Dungeon051,Dungeon051_Static.xml,TBox_Dungeon_Stone,4272783493,Obj_BombArrow_A_03,Normal,CDungeon_TBox_Dungeon_Stone_4272783493,provisional_assignment,
80,Mezza Lo Shrine - Chest,Mezza Lo Shrine,1,Necluda,Necluda Shrines;Shrine Chests,Dungeon024,Dungeon024_Static.xml,TBox_Dungeon_Iron,114738522,Weapon_Sword_035,Normal,CDungeon_TBox_Dungeon_Iron_114738522,provisional_assignment,TRUE
254,Mijah Rokee Shrine - Chest,Mijah Rokee Shrine,1,Hyrule Ridge,Hyrule Ridge Shrines;Shrine Chests,Dungeon078,Dungeon078_Static.xml,TBox_Dungeon_Stone,246330360,Weapon_Sword_034,Normal,CDungeon_TBox_Dungeon_Stone_246330360,provisional_assignment,TRUE
202,Mirro Shaz Shrine - Chest 1,Mirro Shaz Shrine,1,Great Hyrule Forest,Great Hyrule Forest Shrines;Shrine Chests,Dungeon056,Dungeon056_Static.xml,TBox_Dungeon_Stone,309690636,Weapon_Lsword_031,Normal,CDungeon_TBox_Dungeon_Stone_309690636,provisional_assignment,TRUE
203,Mirro Shaz Shrine - Chest 2,Mirro Shaz Shrine,2,Great Hyrule Forest,Great Hyrule Forest Shrines;Shrine Chests,Dungeon056,Dungeon056_Static.xml,TBox_Dungeon_Stone,1168499415,Item_Enemy_31,Normal,CDungeon_TBox_Dungeon_Stone_1168499415,provisional_assignment,
204,Mirro Shaz Shrine - Chest 3,Mirro Shaz Shrine,3,Great Hyrule Forest,Great Hyrule Forest Shrines;Shrine Chests,Dungeon056,Dungeon056_Static.xml,TBox_Dungeon_Stone,2340212918,Weapon_Lsword_031,Normal,CDungeon_TBox_Dungeon_Stone_2340212918,provisional_assignment,
309,Misae Suma Shrine - Chest,Misae Suma Shrine,1,Gerudo Desert,Gerudo Desert Shrines;Shrine Chests,Dungeon107,Dungeon107_Static.xml,TBox_Dungeon_Stone,3717856843,Item_Ore_A,Normal,CDungeon_TBox_Dungeon_Stone_3717856843,provisional_assignment,TRUE
143,Mo'a Keet Shrine - Chest 1,Mo'a Keet Shrine,1,Eldin,Eldin Shrines;Shrine Chests,Dungeon031,Dungeon031_Static.xml,TBox_Dungeon_Iron,418217937,Item_Ore_B,Normal,CDungeon_TBox_Dungeon_Iron_418217937,provisional_assignment,TRUE
144,Mo'a Keet Shrine - Chest 2,Mo'a Keet Shrine,2,Eldin,Eldin Shrines;Shrine Chests,Dungeon031,Dungeon031_Static.xml,TBox_Dungeon_Stone,4073019342,Weapon_Sword_003,Normal,CDungeon_TBox_Dungeon_Stone_4073019342,provisional_assignment,TRUE
256,Mogg Latan Shrine - Chest 1,Mogg Latan Shrine,1,Hyrule Ridge,Hyrule Ridge Shrines;Shrine Chests,Dungeon058,Dungeon058_Static.xml,TBox_Dungeon_Stone,359699135,PutRupee_Gold,Normal,CDungeon_TBox_Dungeon_Stone_359699135,provisional_assignment,
257,Mogg Latan Shrine - Chest 2,Mogg Latan Shrine,2,Hyrule Ridge,Hyrule Ridge Shrines;Shrine Chests,Dungeon058,Dungeon058_Static.xml,TBox_Dungeon_Stone,718693766,Weapon_Spear_025,Normal,CDungeon_TBox_Dungeon_Stone_718693766,provisional_assignment,
258,Mogg Latan Shrine - Chest 3,Mogg Latan Shrine,3,Hyrule Ridge,Hyrule Ridge Shrines;Shrine Chests,Dungeon058,Dungeon058_Static.xml,TBox_Dungeon_Stone,3819328534,Weapon_Bow_013,Normal,CDungeon_TBox_Dungeon_Stone_3819328534,provisional_assignment,
206,Monya Toma Shrine - Chest,Monya Toma Shrine,1,Great Hyrule Forest,Great Hyrule Forest Shrines;Shrine Chests,Dungeon011,Dungeon011_Static.xml,TBox_Dungeon_Stone,2144851240,Weapon_Sword_035,Normal,CDungeon_TBox_Dungeon_Stone_2144851240,provisional_assignment,TRUE
339,Mozo Shenno Shrine - Chest,Mozo Shenno Shrine,1,Hebra,Hebra Shrines;Shrine Chests,Dungeon087,Dungeon087_Static.xml,TBox_Dungeon_Stone,56897618,Item_Ore_A,Normal,CDungeon_TBox_Dungeon_Stone_56897618,provisional_assignment,TRUE
92,Muwo Jeem Shrine - Chest,Muwo Jeem Shrine,1,Faron,Faron Shrines;Shrine Chests,Dungeon081,Dungeon081_Static.xml,TBox_Dungeon_Stone,3517324741,Weapon_Bow_035,Normal,CDungeon_TBox_Dungeon_Stone_3517324741,provisional_assignment,TRUE
82,Myahm Agana Shrine - Chest,Myahm Agana Shrine,1,Necluda,Necluda Shrines;Shrine Chests,Dungeon039,Dungeon039_Static.xml,TBox_Dungeon_Stone,2175434126,Weapon_Bow_029,Normal,CDungeon_TBox_Dungeon_Stone_2175434126,provisional_assignment,TRUE
33,Namika Ozz Shrine - Chest,Namika Ozz Shrine,1,Central Hyrule,Central Hyrule Shrines;Shrine Chests,Dungeon079,Dungeon079_Static.xml,TBox_Dungeon_Stone,2855684808,Weapon_Spear_034,Normal,CDungeon_TBox_Dungeon_Stone_2855684808,provisional_assignment,TRUE
117,Ne'ez Yohma Shrine - Chest,Ne'ez Yohma Shrine,1,Lanayru,Lanayru Shrines;Shrine Chests,Dungeon005,Dungeon005_Static.xml,TBox_Dungeon_Stone,4248817833,Weapon_Spear_027,Normal,CDungeon_TBox_Dungeon_Stone_4248817833,provisional_assignment,TRUE
249,Noe Rajee Shrine - Chest,Noe Rajee Shrine,1,Tabantha,Tabantha Shrines;The Champions' Ballad DLC;Shrine Chests,Dungeon127,Dungeon127_Static.xml,TBox_Dungeon_Stone,1095169988,Weapon_Shield_041,Normal,CDungeon_TBox_Dungeon_Stone_1095169988,provisional_assignment,TRUE
35,Noya Neha Shrine - Chest,Noya Neha Shrine,1,Central Hyrule,Central Hyrule Shrines;Shrine Chests,Dungeon074,Dungeon074_Static.xml,TBox_Dungeon_Stone,821435950,Weapon_Shield_003,Normal,CDungeon_TBox_Dungeon_Stone_821435950,provisional_assignment,TRUE
7,Oman Au Shrine - Chest,Oman Au Shrine,1,Great Plateau,Great Plateau Shrines;Shrine Chests,Dungeon038,Dungeon038_Static.xml,TBox_Dungeon_Iron,3375369818,Weapon_Bow_001,Normal,CDungeon_TBox_Dungeon_Iron_3375369818,provisional_assignment,TRUE
9,Owa Daim Shrine - Chest,Owa Daim Shrine,1,Great Plateau,Great Plateau Shrines;Shrine Chests,Dungeon009,Dungeon009_Static.xml,TBox_Dungeon_Stone,1182477274,Weapon_Shield_035,Normal,CDungeon_TBox_Dungeon_Stone_1182477274,provisional_assignment,TRUE
218,Pumaag Nitae Shrine - Chest,Pumaag Nitae Shrine,1,Lake Hylia,Lake Hylia Shrines;Shrine Chests,Dungeon071,Dungeon071_Static.xml,TBox_Dungeon_Stone,3450862395,Weapon_Sword_051,Normal,CDungeon_TBox_Dungeon_Stone_3450862395,provisional_assignment,TRUE
341,Qaza Tokki Shrine - Chest,Qaza Tokki Shrine,1,Hebra,Hebra Shrines;Shrine Chests,Dungeon116,Dungeon116_Static.xml,TBox_Dungeon_Stone,2611637153,Armor_048_Lower,Normal,CDungeon_TBox_Dungeon_Stone_2611637153,provisional_assignment,TRUE
146,Qua Raym Shrine - Chest 1,Qua Raym Shrine,1,Eldin,Eldin Shrines;Shrine Chests,Dungeon067,Dungeon067_Static.xml,TBox_Dungeon_Stone,2541023350,Weapon_Lsword_003,Normal,CDungeon_TBox_Dungeon_Stone_2541023350,provisional_assignment,
147,Qua Raym Shrine - Chest 2,Qua Raym Shrine,2,Eldin,Eldin Shrines;Shrine Chests,Dungeon067,Dungeon067_Static.xml,TBox_Dungeon_Wood,3617692800,KeySmall,Normal,CDungeon_TBox_Dungeon_Wood_3617692800,provisional_assignment,
94,Qukah Nata Shrine - Chest,Qukah Nata Shrine,1,Faron,Faron Shrines;Shrine Chests,Dungeon096,Dungeon096_Static.xml,TBox_Dungeon_Iron,731998508,Armor_046_Lower,Normal,CDungeon_TBox_Dungeon_Iron_731998508,provisional_assignment,TRUE
311,Raqa Zunzo Shrine - Chest,Raqa Zunzo Shrine,1,Gerudo Desert,Gerudo Desert Shrines;Shrine Chests,Dungeon093,Dungeon093_Static.xml,TBox_Dungeon_Iron,3003260476,Weapon_Shield_036,Normal,CDungeon_TBox_Dungeon_Iron_3003260476,provisional_assignment,TRUE
55,Ree Dahee Shrine - Chest,Ree Dahee Shrine,1,Dueling Peaks,Dueling Peaks Shrines;Shrine Chests,Dungeon047,Dungeon047_Static.xml,TBox_Dungeon_Stone,1203109046,Armor_014_Head,Normal,CDungeon_TBox_Dungeon_Stone_1203109046,provisional_assignment,TRUE
343,Rin Oyaa Shrine - Chest,Rin Oyaa Shrine,1,Hebra,Hebra Shrines;Shrine Chests,Dungeon042,Dungeon042_Static.xml,TBox_Dungeon_Stone,2081482182,Item_Enemy_30,Normal,CDungeon_TBox_Dungeon_Stone_2081482182,provisional_assignment,TRUE
168,Rinu Honika Shrine - Chest,Rinu Honika Shrine,1,Eldin,Eldin Shrines;The Champions' Ballad DLC;Shrine Chests,Dungeon131,Dungeon131_Static.xml,TBox_Dungeon_Stone,4057292846,Weapon_Lsword_037,Normal,CDungeon_TBox_Dungeon_Stone_4057292846,provisional_assignment,TRUE
181,Ritaag Zumo Shrine - Chest,Ritaag Zumo Shrine,1,Akkala,Akkala Shrines;Shrine Chests,Dungeon109,Dungeon109_Static.xml,TBox_Dungeon_Stone,883436885,Item_Enemy_31,Normal,CDungeon_TBox_Dungeon_Stone_883436885,provisional_assignment,TRUE
14,Rohta Chigah Shrine - Chest,Rohta Chigah Shrine,1,Great Plateau (One-Hit Obliterator),Great Plateau Shrines;The Champions' Ballad DLC;Shrine Chests,Dungeon123,Dungeon123_Static.xml,TBox_Dungeon_Stone,2785472328,Weapon_Shield_023,Normal,CDungeon_TBox_Dungeon_Stone_2785472328,provisional_assignment,TRUE
345,Rok Uwog Shrine - Chest 1,Rok Uwog Shrine,1,Hebra,Hebra Shrines;Shrine Chests,Dungeon018,Dungeon018_Static.xml,TBox_Dungeon_Stone,1203458803,KeySmall,Normal,CDungeon_TBox_Dungeon_Stone_1203458803,provisional_assignment,
346,Rok Uwog Shrine - Chest 2,Rok Uwog Shrine,2,Hebra,Hebra Shrines;Shrine Chests,Dungeon018,Dungeon018_Static.xml,TBox_Dungeon_Iron,4120858762,Weapon_Spear_031,Normal,CDungeon_TBox_Dungeon_Iron_4120858762,provisional_assignment,
208,Rona Kachta Shrine - Chest,Rona Kachta Shrine,1,Great Hyrule Forest,Great Hyrule Forest Shrines;Shrine Chests,Dungeon115,Dungeon115_Static.xml,TBox_Dungeon_Stone,3962878289,Weapon_Lsword_033,Normal,CDungeon_TBox_Dungeon_Stone_3962878289,provisional_assignment,TRUE
37,Rota Ooh Shrine - Chest 1,Rota Ooh Shrine,1,Central Hyrule,Central Hyrule Shrines;Shrine Chests,Dungeon027,Dungeon027_Static.xml,TBox_Dungeon_Iron,2001786182,Weapon_Sword_031,Normal,CDungeon_TBox_Dungeon_Iron_2001786182,provisional_assignment,
38,Rota Ooh Shrine - Chest 2,Rota Ooh Shrine,2,Central Hyrule,Central Hyrule Shrines;Shrine Chests,Dungeon027,Dungeon027_Static.xml,TBox_Dungeon_Stone,3566506040,KeySmall,Normal,CDungeon_TBox_Dungeon_Stone_3566506040,provisional_assignment,
119,Rucco Maag Shrine - Chest 1,Rucco Maag Shrine,1,Lanayru,Lanayru Shrines;Shrine Chests,Dungeon016,Dungeon016_Static.xml,TBox_Dungeon_Iron,1708460808,Item_Ore_E,Normal,CDungeon_TBox_Dungeon_Iron_1708460808,provisional_assignment,TRUE
120,Rucco Maag Shrine - Chest 2,Rucco Maag Shrine,2,Lanayru,Lanayru Shrines;Shrine Chests,Dungeon016,Dungeon016_Static.xml,TBox_Dungeon_Iron,2731610075,Weapon_Bow_014,Normal,CDungeon_TBox_Dungeon_Iron_2731610075,provisional_assignment,TRUE
16,Ruvo Korbah Shrine - Chest 1,Ruvo Korbah Shrine,1,Great Plateau (One-Hit Obliterator),Great Plateau Shrines;The Champions' Ballad DLC;Shrine Chests,Dungeon135,Dungeon135_Static.xml,TBox_Dungeon_Stone,2691561845,KeySmall,Normal,CDungeon_TBox_Dungeon_Stone_2691561845,provisional_assignment,
17,Ruvo Korbah Shrine - Chest 2,Ruvo Korbah Shrine,2,Great Plateau (One-Hit Obliterator),Great Plateau Shrines;The Champions' Ballad DLC;Shrine Chests,Dungeon135,Dungeon135_Static.xml,TBox_Dungeon_Stone,3155326400,Obj_BombArrow_A_03,Normal,CDungeon_TBox_Dungeon_Stone_3155326400,provisional_assignment,
18,Ruvo Korbah Shrine - Chest 3,Ruvo Korbah Shrine,3,Great Plateau (One-Hit Obliterator),Great Plateau Shrines;The Champions' Ballad DLC;Shrine Chests,Dungeon135,Dungeon135_Static.xml,TBox_Dungeon_Stone,3694474462,Item_Enemy_31,Normal,CDungeon_TBox_Dungeon_Stone_3694474462,provisional_assignment,TRUE
40,Saas Ko'sah Shrine - Chest,Saas Ko'sah Shrine,1,Central Hyrule,Central Hyrule Shrines;Shrine Chests,Dungeon089,Dungeon089_Static.xml,TBox_Dungeon_Stone,1249779666,Weapon_Sword_033,Normal,CDungeon_TBox_Dungeon_Stone_1249779666,provisional_assignment,TRUE
149,Sah Dahaj Shrine - Chest,Sah Dahaj Shrine,1,Eldin,Eldin Shrines;Shrine Chests,Dungeon002,Dungeon002_Static.xml,TBox_Dungeon_Iron,2489506180,Weapon_Bow_035,Normal,CDungeon_TBox_Dungeon_Iron_2489506180,provisional_assignment,TRUE
284,Sasa Kai Shrine - Chest,Sasa Kai Shrine,1,Gerudo Highlands,Gerudo Highlands Shrines;Shrine Chests,Dungeon076,Dungeon076_Static.xml,TBox_Dungeon_Stone,1835622564,Weapon_Sword_034,Normal,CDungeon_TBox_Dungeon_Stone_1835622564,provisional_assignment,TRUE
129,Sato Koda Shrine - Chest,Sato Koda Shrine,1,Lanayru,Lanayru Shrines;The Champions' Ballad DLC;Shrine Chests,Dungeon124,Dungeon124_Static.xml,TBox_Dungeon_Stone,1836215605,Item_Enemy_31,Normal,CDungeon_TBox_Dungeon_Stone_1836215605,provisional_assignment,TRUE
351,Shada Naw Shrine - Chest,Shada Naw Shrine,1,Hebra,Hebra Shrines;Shrine Chests,Dungeon046,Dungeon046_Static.xml,TBox_Dungeon_Iron,2733670140,Weapon_Lsword_034,Normal,CDungeon_TBox_Dungeon_Iron_2733670140,provisional_assignment,TRUE
220,Shae Katha Shrine - Chest,Shae Katha Shrine,1,Lake Hylia,Lake Hylia Shrines;Shrine Chests,Dungeon113,Dungeon113_Static.xml,TBox_Dungeon_Stone,50928817,Weapon_Spear_035,Normal,CDungeon_TBox_Dungeon_Stone_50928817,provisional_assignment,TRUE
260,Shae Loya Shrine - Chest 1,Shae Loya Shrine,1,Hyrule Ridge,Hyrule Ridge Shrines;Shrine Chests,Dungeon037,Dungeon037_Static.xml,TBox_Dungeon_Stone,3612472744,Item_Ore_D,Normal,CDungeon_TBox_Dungeon_Stone_3612472744,provisional_assignment,TRUE
261,Shae Loya Shrine - Chest 2,Shae Loya Shrine,2,Hyrule Ridge,Hyrule Ridge Shrines;Shrine Chests,Dungeon037,Dungeon037_Static.xml,TBox_Dungeon_Iron,3658282587,Weapon_Bow_017,Normal,CDungeon_TBox_Dungeon_Iron_3658282587,provisional_assignment,TRUE
151,Shae Mo'sah Shrine - Chest 1,Shae Mo'sah Shrine,1,Eldin,Eldin Shrines;Shrine Chests,Dungeon026,Dungeon026_Static.xml,TBox_Dungeon_Stone,1306359972,KeySmall,Normal,CDungeon_TBox_Dungeon_Stone_1306359972,provisional_assignment,
152,Shae Mo'sah Shrine - Chest 2,Shae Mo'sah Shrine,2,Eldin,Eldin Shrines;Shrine Chests,Dungeon026,Dungeon026_Static.xml,TBox_Dungeon_Stone,1749408352,Item_Ore_B,Normal,CDungeon_TBox_Dungeon_Stone_1749408352,provisional_assignment,TRUE
153,Shae Mo'sah Shrine - Chest 3,Shae Mo'sah Shrine,3,Eldin,Eldin Shrines;Shrine Chests,Dungeon026,Dungeon026_Static.xml,TBox_Dungeon_Stone,2775322850,Weapon_Lsword_037,Normal,CDungeon_TBox_Dungeon_Stone_2775322850,provisional_assignment,
154,Shae Mo'sah Shrine - Chest 4,Shae Mo'sah Shrine,4,Eldin,Eldin Shrines;Shrine Chests,Dungeon026,Dungeon026_Static.xml,TBox_Dungeon_Stone,2783782463,Obj_IceArrow_A_02,Normal,CDungeon_TBox_Dungeon_Stone_2783782463,provisional_assignment,
348,Sha Gehma Shrine - Chest 1,Sha Gehma Shrine,1,Hebra,Hebra Shrines;Shrine Chests,Dungeon062,Dungeon062_Static.xml,TBox_Dungeon_Stone,654507101,KeySmall,Normal,CDungeon_TBox_Dungeon_Stone_654507101,provisional_assignment,
349,Sha Gehma Shrine - Chest 2,Sha Gehma Shrine,2,Hebra,Hebra Shrines;Shrine Chests,Dungeon062,Dungeon062_Static.xml,TBox_Dungeon_Stone,2591211974,Weapon_Sword_024,Normal,CDungeon_TBox_Dungeon_Stone_2591211974,provisional_assignment,
99,Shai Utoh Shrine - Chest 1,Shai Utoh Shrine,1,Faron,Faron Shrines;Shrine Chests,Dungeon050,Dungeon050_Static.xml,TBox_Dungeon_Iron_050,923248764,Weapon_Sword_001,Normal,CDungeon_TBox_Dungeon_Iron_050_923248764,provisional_assignment,TRUE
100,Shai Utoh Shrine - Chest 2,Shai Utoh Shrine,2,Faron,Faron Shrines;Shrine Chests,Dungeon050,Dungeon050_Static.xml,TBox_Dungeon_Stone,3173256521,Item_Enemy_30,Normal,CDungeon_TBox_Dungeon_Stone_3173256521,provisional_assignment,TRUE
122,Shai Yota Shrine - Chest,Shai Yota Shrine,1,Lanayru,Lanayru Shrines;Shrine Chests,Dungeon114,Dungeon114_Static.xml,TBox_Dungeon_Stone,2006054206,Weapon_Lsword_033,Normal,CDungeon_TBox_Dungeon_Stone_2006054206,provisional_assignment,TRUE
172,Sharo Lun Shrine - Chest,Sharo Lun Shrine,1,Eldin,Eldin Shrines;The Champions' Ballad DLC;Shrine Chests,Dungeon132,Dungeon132_Static.xml,TBox_Dungeon_Iron,1630334883,Weapon_Lsword_033,Normal,CDungeon_TBox_Dungeon_Iron_1630334883,provisional_assignment,TRUE
241,Sha Warvo Shrine - Chest 1,Sha Warvo Shrine,1,Tabantha,Tabantha Shrines;Shrine Chests,Dungeon053,Dungeon053_Static.xml,TBox_Dungeon_Stone,287351360,Weapon_Bow_035,Normal,CDungeon_TBox_Dungeon_Stone_287351360,provisional_assignment,
242,Sha Warvo Shrine - Chest 2,Sha Warvo Shrine,2,Tabantha,Tabantha Shrines;Shrine Chests,Dungeon053,Dungeon053_Static.xml,TBox_Dungeon_Stone,699967431,PutRupee_Purple,Normal,CDungeon_TBox_Dungeon_Stone_699967431,provisional_assignment,
263,Sheem Dagoze Shrine - Chest,Sheem Dagoze Shrine,1,Hyrule Ridge,Hyrule Ridge Shrines;Shrine Chests,Dungeon020,Dungeon020_Static.xml,TBox_Dungeon_Stone,2966651740,Weapon_Lsword_035,Normal,CDungeon_TBox_Dungeon_Stone_2966651740,provisional_assignment,TRUE
57,Shee Vaneer Shrine - Chest,Shee Vaneer Shrine,1,Dueling Peaks,Dueling Peaks Shrines;Shrine Chests,Dungeon017,Dungeon017_Static.xml,TBox_Dungeon_Stone,4140941963,Weapon_Lsword_041,Normal,CDungeon_TBox_Dungeon_Stone_4140941963,provisional_assignment,TRUE
59,Shee Venath Shrine - Chest,Shee Venath Shrine,1,Dueling Peaks,Dueling Peaks Shrines;Shrine Chests,Dungeon044,Dungeon044_Static.xml,TBox_Dungeon_Stone,1221975918,Weapon_Spear_037,Normal,CDungeon_TBox_Dungeon_Stone_1221975918,provisional_assignment,TRUE
124,Sheh Rata Shrine - Chest 1,Sheh Rata Shrine,1,Lanayru,Lanayru Shrines;Shrine Chests,Dungeon023,Dungeon023_Static.xml,TBox_Dungeon_Stone,1274382149,Weapon_Lsword_051,Normal,CDungeon_TBox_Dungeon_Stone_1274382149,provisional_assignment,
125,Sheh Rata Shrine - Chest 2,Sheh Rata Shrine,2,Lanayru,Lanayru Shrines;Shrine Chests,Dungeon023,Dungeon023_Static.xml,TBox_Dungeon_Stone,3463086557,Item_Ore_E,Normal,CDungeon_TBox_Dungeon_Stone_3463086557,provisional_assignment,
270,Shira Gomar Shrine - Chest,Shira Gomar Shrine,1,Hyrule Ridge,Hyrule Ridge Shrines;The Champions' Ballad DLC;Shrine Chests,Dungeon129,Dungeon129_Static.xml,TBox_Dungeon_Stone,3187836279,Obj_BombArrow_A_03,Normal,CDungeon_TBox_Dungeon_Stone_3187836279,provisional_assignment,TRUE
282,Sho Dantu Shrine - Chest,Sho Dantu Shrine,1,Gerudo Highlands,Gerudo Highlands Shrines;Shrine Chests,Dungeon036,Dungeon036_Static.xml,TBox_Dungeon_Stone,962037740,PutRupee_Silver,Normal,CDungeon_TBox_Dungeon_Stone_962037740,provisional_assignment,TRUE
96,Shoda Sah Shrine - Chest 1,Shoda Sah Shrine,1,Faron,Faron Shrines;Shrine Chests,Dungeon061,Dungeon061_Static.xml,TBox_Dungeon_Wood,3299660229,Obj_IceArrow_A_03,Normal,CDungeon_TBox_Dungeon_Wood_3299660229,provisional_assignment,TRUE
97,Shoda Sah Shrine - Chest 2,Shoda Sah Shrine,2,Faron,Faron Shrines;Shrine Chests,Dungeon061,Dungeon061_Static.xml,TBox_Dungeon_Wood,3647020470,KeySmall,Normal,CDungeon_TBox_Dungeon_Wood_3647020470,provisional_assignment,TRUE
222,Shoqa Tatone Shrine - Chest,Shoqa Tatone Shrine,1,Lake Hylia,Lake Hylia Shrines;Shrine Chests,Dungeon080,Dungeon080_Static.xml,TBox_Dungeon_Stone,396797432,Weapon_Sword_024,Normal,CDungeon_TBox_Dungeon_Stone_396797432,provisional_assignment,TRUE
156,Shora Hah Shrine - Chest 1,Shora Hah Shrine,1,Eldin,Eldin Shrines;Shrine Chests,Dungeon028,Dungeon028_Static.xml,TBox_Dungeon_Iron,223462799,PutRupee_Silver,Normal,CDungeon_TBox_Dungeon_Iron_223462799,provisional_assignment,
157,Shora Hah Shrine - Chest 2,Shora Hah Shrine,2,Eldin,Eldin Shrines;Shrine Chests,Dungeon028,Dungeon028_Static.xml,TBox_Dungeon_Stone,304910307,Weapon_Lsword_033,Normal,CDungeon_TBox_Dungeon_Stone_304910307,provisional_assignment,TRUE
158,Shora Hah Shrine - Chest 3,Shora Hah Shrine,3,Eldin,Eldin Shrines;Shrine Chests,Dungeon028,Dungeon028_Static.xml,TBox_Dungeon_Stone,1249330112,Obj_IceArrow_A_02,Normal,CDungeon_TBox_Dungeon_Stone_1249330112,provisional_assignment,
159,Shora Hah Shrine - Chest 4,Shora Hah Shrine,4,Eldin,Eldin Shrines;Shrine Chests,Dungeon028,Dungeon028_Static.xml,TBox_Dungeon_Stone,3281368662,Item_Enemy_31,Normal,CDungeon_TBox_Dungeon_Stone_3281368662,provisional_assignment,
160,Shora Hah Shrine - Chest 5,Shora Hah Shrine,5,Eldin,Eldin Shrines;Shrine Chests,Dungeon028,Dungeon028_Static.xml,TBox_Dungeon_Stone,3826616279,Weapon_Sword_025,Normal,CDungeon_TBox_Dungeon_Stone_3826616279,provisional_assignment,
161,Shora Hah Shrine - Chest 6,Shora Hah Shrine,6,Eldin,Eldin Shrines;Shrine Chests,Dungeon028,Dungeon028_Static.xml,TBox_Dungeon_Stone,4196993938,Weapon_Bow_036,Normal,CDungeon_TBox_Dungeon_Stone_4196993938,provisional_assignment,
127,Soh Kofi Shrine - Chest,Soh Kofi Shrine,1,Lanayru,Lanayru Shrines;Shrine Chests,Dungeon070,Dungeon070_Static.xml,TBox_Dungeon_Stone,3032109463,Weapon_Bow_035,Normal,CDungeon_TBox_Dungeon_Stone_3032109463,provisional_assignment,TRUE
313,Suma Sahma Shrine - Chest,Suma Sahma Shrine,1,Gerudo Desert,Gerudo Desert Shrines;Shrine Chests,Dungeon090,Dungeon090_Static.xml,TBox_Dungeon_Iron,3298610380,Weapon_Sword_030,Normal,CDungeon_TBox_Dungeon_Iron_3298610380,provisional_assignment,TRUE
163,Tah Muhl Shrine - Chest 1,Tah Muhl Shrine,1,Eldin,Eldin Shrines;Shrine Chests,Dungeon000,Dungeon000_Static.xml,TBox_Dungeon_Stone,79753044,Weapon_Lsword_036,Normal,CDungeon_TBox_Dungeon_Stone_79753044,provisional_assignment,
164,Tah Muhl Shrine - Chest 2,Tah Muhl Shrine,2,Eldin,Eldin Shrines;Shrine Chests,Dungeon000,Dungeon000_Static.xml,TBox_Dungeon_Stone,1015560256,Item_Ore_B,Normal,CDungeon_TBox_Dungeon_Stone_1015560256,provisional_assignment,TRUE
165,Tah Muhl Shrine - Chest 3,Tah Muhl Shrine,3,Eldin,Eldin Shrines;Shrine Chests,Dungeon000,Dungeon000_Static.xml,TBox_Dungeon_Wood,1061208573,Item_Ore_E,Normal,CDungeon_TBox_Dungeon_Wood_1061208573,provisional_assignment,TRUE
166,Tah Muhl Shrine - Chest 4,Tah Muhl Shrine,4,Eldin,Eldin Shrines;Shrine Chests,Dungeon000,Dungeon000_Static.xml,TBox_Dungeon_Wood,3853713592,KeySmall,Normal,CDungeon_TBox_Dungeon_Wood_3853713592,provisional_assignment,
84,Tahno O'ah Shrine - Chest,Tahno O'ah Shrine,1,Necluda,Necluda Shrines;Shrine Chests,Dungeon119,Dungeon119_Static.xml,TBox_Dungeon_Stone,3913217232,Armor_014_Lower,Normal,CDungeon_TBox_Dungeon_Stone_3913217232,provisional_assignment,TRUE
319,Takama Shiri Shrine - Chest,Takama Shiri Shrine,1,Gerudo Desert,Gerudo Desert Shrines;The Champions' Ballad DLC;Shrine Chests,Dungeon134,Dungeon134_Static.xml,TBox_Dungeon_Stone,2056438385,Weapon_Bow_036,Normal,CDungeon_TBox_Dungeon_Stone_2056438385,provisional_assignment,TRUE
61,Ta'loh Naeg Shrine - Chest 1,Ta'loh Naeg Shrine,1,Dueling Peaks,Dueling Peaks Shrines;Shrine Chests,Dungeon099,Dungeon099_Static.xml,TBox_Dungeon_Stone,1648376382,Weapon_Sword_041,Normal,CDungeon_TBox_Dungeon_Stone_1648376382,provisional_assignment,
62,Ta'loh Naeg Shrine - Chest 2,Ta'loh Naeg Shrine,2,Dueling Peaks,Dueling Peaks Shrines;Shrine Chests,Dungeon099,Dungeon099_Static.xml,TBox_Dungeon_Stone,2577142135,Weapon_Shield_041,Normal,CDungeon_TBox_Dungeon_Stone_2577142135,provisional_assignment,
63,Ta'loh Naeg Shrine - Chest 3,Ta'loh Naeg Shrine,3,Dueling Peaks,Dueling Peaks Shrines;Shrine Chests,Dungeon099,Dungeon099_Static.xml,TBox_Dungeon_Stone,3163225088,Item_Ore_E,Normal,CDungeon_TBox_Dungeon_Stone_3163225088,provisional_assignment,TRUE
102,Tawa Jinn Shrine - Chest,Tawa Jinn Shrine,1,Faron,Faron Shrines;Shrine Chests,Dungeon111,Dungeon111_Static.xml,TBox_Dungeon_Stone,4013064750,Weapon_Lsword_035,Normal,CDungeon_TBox_Dungeon_Stone_4013064750,provisional_assignment,TRUE
244,Tena Ko'sah Shrine - Chest,Tena Ko'sah Shrine,1,Tabantha,Tabantha Shrines;Shrine Chests,Dungeon083,Dungeon083_Static.xml,TBox_Dungeon_Stone,3776874027,Weapon_Spear_003,Normal,CDungeon_TBox_Dungeon_Stone_3776874027,provisional_assignment,TRUE
315,Tho Kayu Shrine - Chest,Tho Kayu Shrine,1,Gerudo Desert,Gerudo Desert Shrines;Shrine Chests,Dungeon094,Dungeon094_Static.xml,TBox_Dungeon_Iron,3348821939,Weapon_Bow_015,Normal,CDungeon_TBox_Dungeon_Iron_3348821939,provisional_assignment,TRUE
265,Toh Yahsa Shrine - Chest 1,Toh Yahsa Shrine,1,Hyrule Ridge,Hyrule Ridge Shrines;Shrine Chests,Dungeon021,Dungeon021_Static.xml,TBox_Dungeon_Iron,651697158,Armor_046_Upper,Normal,CDungeon_TBox_Dungeon_Iron_651697158,provisional_assignment,TRUE
266,Toh Yahsa Shrine - Chest 2,Toh Yahsa Shrine,2,Hyrule Ridge,Hyrule Ridge Shrines;Shrine Chests,Dungeon021,Dungeon021_Static.xml,TBox_Dungeon_Wood,1608635741,Item_Ore_E,Normal,CDungeon_TBox_Dungeon_Wood_1608635741,provisional_assignment,TRUE
353,To Quomo Shrine - Chest,To Quomo Shrine,1,Hebra,Hebra Shrines;Shrine Chests,Dungeon118,Dungeon118_Static.xml,TBox_Dungeon_Stone,1922807999,Weapon_Lsword_024,Normal,CDungeon_TBox_Dungeon_Stone_1922807999,provisional_assignment,TRUE
65,Toto Sah Shrine - Chest 1,Toto Sah Shrine,1,Dueling Peaks,Dueling Peaks Shrines;Shrine Chests,Dungeon015,Dungeon015_Static.xml,TBox_Dungeon_Stone,1319070279,KeySmall,Normal,CDungeon_TBox_Dungeon_Stone_1319070279,provisional_assignment,
66,Toto Sah Shrine - Chest 2,Toto Sah Shrine,2,Dueling Peaks,Dueling Peaks Shrines;Shrine Chests,Dungeon015,Dungeon015_Static.xml,TBox_Dungeon_Stone,1345302867,Weapon_Shield_041,Normal,CDungeon_TBox_Dungeon_Stone_1345302867,provisional_assignment,
183,Tu Ka'loh Shrine - Chest,Tu Ka'loh Shrine,1,Akkala,Akkala Shrines;Shrine Chests,Dungeon105,Dungeon105_Static.xml,TBox_Dungeon_Stone,832725204,Armor_048_Head,Normal,CDungeon_TBox_Dungeon_Stone_832725204,provisional_assignment,TRUE
185,Tutsuwa Nima Shrine - Chest,Tutsuwa Nima Shrine,1,Akkala,Akkala Shrines;Shrine Chests,Dungeon084,Dungeon084_Static.xml,TBox_Dungeon_Stone,1101189494,Weapon_Spear_033,Normal,CDungeon_TBox_Dungeon_Stone_1101189494,provisional_assignment,TRUE
246,Voo Lota Shrine - Chest 1,Voo Lota Shrine,1,Tabantha,Tabantha Shrines;Shrine Chests,Dungeon012,Dungeon012_Static.xml,TBox_Dungeon_Stone,2260374746,Weapon_Sword_033,Normal,CDungeon_TBox_Dungeon_Stone_2260374746,provisional_assignment,
247,Voo Lota Shrine - Chest 2,Voo Lota Shrine,2,Tabantha,Tabantha Shrines;Shrine Chests,Dungeon012,Dungeon012_Static.xml,TBox_Dungeon_Stone,2875625519,KeySmall,Normal,CDungeon_TBox_Dungeon_Stone_2875625519,provisional_assignment,
42,Wahgo Katta Shrine - Chest,Wahgo Katta Shrine,1,Central Hyrule,Central Hyrule Shrines;Shrine Chests,Dungeon057,Dungeon057_Static.xml,TBox_Dungeon_Stone,322360761,Item_Ore_F,Normal,CDungeon_TBox_Dungeon_Stone_322360761,provisional_assignment,TRUE
104,Yah Rin Shrine - Chest 1,Yah Rin Shrine,1,Faron,Faron Shrines;Shrine Chests,Dungeon006,Dungeon006_Static.xml,TBox_Dungeon_Iron,1735097170,Weapon_Sword_003,Normal,CDungeon_TBox_Dungeon_Iron_1735097170,provisional_assignment,TRUE
105,Yah Rin Shrine - Chest 2,Yah Rin Shrine,2,Faron,Faron Shrines;Shrine Chests,Dungeon006,Dungeon006_Static.xml,TBox_Dungeon_Stone,4049467582,Item_Ore_E,Normal,CDungeon_TBox_Dungeon_Stone_4049467582,provisional_assignment,TRUE
224,Ya Naga Shrine - Chest,Ya Naga Shrine,1,Lake Hylia,Lake Hylia Shrines;Shrine Chests,Dungeon068,Dungeon068_Static.xml,TBox_Dungeon_Stone,319620032,Weapon_Sword_041,Normal,CDungeon_TBox_Dungeon_Stone_319620032,provisional_assignment,TRUE
11,Yowaka Ita Shrine - Chest 1,Yowaka Ita Shrine,1,Great Plateau (One-Hit Obliterator),Great Plateau Shrines;The Champions' Ballad DLC;Shrine Chests,Dungeon120,Dungeon120_Static.xml,TBox_Dungeon_Stone,777293012,Weapon_Bow_029,Normal,CDungeon_TBox_Dungeon_Stone_777293012,provisional_assignment,
12,Yowaka Ita Shrine - Chest 2,Yowaka Ita Shrine,2,Great Plateau (One-Hit Obliterator),Great Plateau Shrines;The Champions' Ballad DLC;Shrine Chests,Dungeon120,Dungeon120_Static.xml,TBox_Dungeon_Iron,1562844085,Obj_BombArrow_A_02,Normal,CDungeon_TBox_Dungeon_Iron_1562844085,provisional_assignment,
268,Zalta Wa Shrine - Chest,Zalta Wa Shrine,1,Hyrule Ridge,Hyrule Ridge Shrines;Shrine Chests,Dungeon004,Dungeon004_Static.xml,TBox_Dungeon_Stone,3918894197,Weapon_Bow_035,Normal,CDungeon_TBox_Dungeon_Stone_3918894197,provisional_assignment,TRUE
187,Ze Kasho Shrine - Chest,Ze Kasho Shrine,1,Akkala,Akkala Shrines;Shrine Chests,Dungeon048,Dungeon048_Static.xml,TBox_Dungeon_Stone,2075859436,Weapon_Spear_028,Normal,CDungeon_TBox_Dungeon_Stone_2075859436,provisional_assignment,TRUE
189,Zuna Kai Shrine - Chest,Zuna Kai Shrine,1,Akkala,Akkala Shrines;Shrine Chests,Dungeon102,Dungeon102_Static.xml,TBox_Dungeon_Stone,1161464155,Weapon_Sword_033,Normal,CDungeon_TBox_Dungeon_Stone_1161464155,provisional_assignment,TRUE