shrine,dungeon,ap_chest_checks,unique_chest_actors,assigned,status
Akh Va'quot Shrine,Dungeon035,3,3,3,provisional_assignment
Bareeda Naag Shrine,Dungeon008,2,2,2,provisional_assignment
Bosh Kala Shrine,Dungeon007,2,2,2,provisional_assignment
Chaas Qeta Shrine,Dungeon082,1,1,1,provisional_assignment
Daag Chokah Shrine,Dungeon098,1,1,1,provisional_assignment
Dagah Keek Shrine,Dungeon101,1,1,1,provisional_assignment
Dah Hesho Shrine,Dungeon075,1,1,1,provisional_assignment
Dah Kaso Shrine,Dungeon072,1,1,1,provisional_assignment
Daka Tuss Shrine,Dungeon033,1,1,1,provisional_assignment
Dako Tah Shrine,Dungeon032,4,4,4,provisional_assignment
Daqa Koh Shrine,Dungeon064,1,1,1,provisional_assignment
Daqo Chisay Shrine,Dungeon060,1,1,1,provisional_assignment
Dila Maag Shrine,Dungeon103,1,1,1,provisional_assignment
Dow Na'eh Shrine,Dungeon019,3,3,3,provisional_assignment
Dunba Taag Shrine,Dungeon055,2,2,2,provisional_assignment
Etsu Korima Shrine,Dungeon122,1,1,1,provisional_assignment
Gee Ha'rah Shrine,Dungeon052,1,1,1,provisional_assignment
Goma Asaagh Shrine,Dungeon086,1,1,1,provisional_assignment
Gorae Torr Shrine,Dungeon091,1,1,1,provisional_assignment
Ha Dahamar Shrine,Dungeon045,1,1,1,provisional_assignment
Hawa Koth Shrine,Dungeon003,3,3,3,provisional_assignment
Hia Miu Shrine,Dungeon088,1,1,1,provisional_assignment
Hila Rao Shrine,Dungeon029,2,2,2,provisional_assignment
Ishto Soh Shrine,Dungeon069,2,2,2,provisional_assignment
Ja Baij Shrine,Dungeon041,2,2,2,provisional_assignment
Jee Noh Shrine,Dungeon001,1,1,1,provisional_assignment
Jitan Sa'mi Shrine,Dungeon117,1,1,1,provisional_assignment
Joloo Nah Shrine,Dungeon030,2,2,2,provisional_assignment
Kaam Ya'tak Shrine,Dungeon040,5,5,5,provisional_assignment
Kah Mael Shrine,Dungeon066,1,1,1,provisional_assignment
Kah Okeo Shrine,Dungeon059,6,6,6,provisional_assignment
Kah Yah Shrine,Dungeon034,2,2,2,provisional_assignment
Kamia Omuna Shrine,Dungeon130,1,1,1,provisional_assignment
Kam Urog Shrine,Dungeon014,2,2,2,provisional_assignment
Ka'o Makagh Shrine,Dungeon054,3,3,3,provisional_assignment
Katah Chuki Shrine,Dungeon073,1,1,1,provisional_assignment
Katosa Aug Shrine,Dungeon013,1,1,1,provisional_assignment
Kaya Wan Shrine,Dungeon049,2,2,2,provisional_assignment
Kay Noh Shrine,Dungeon010,2,2,2,provisional_assignment
Kayra Mah Shrine,Dungeon025,2,2,2,provisional_assignment
Kee Dafunia Shrine,Dungeon125,1,1,1,provisional_assignment
Keeha Yoog Shrine,Dungeon100,1,1,1,provisional_assignment
Keh Namut Shrine,Dungeon065,1,1,1,provisional_assignment
Keive Tala Shrine,Dungeon133,1,1,1,provisional_assignment
Kema Kosassa Shrine,Dungeon085,1,1,1,provisional_assignment
Kema Zoos Shrine,Dungeon063,1,1,1,provisional_assignment
Ke'nai Shakah Shrine,Dungeon077,1,1,1,provisional_assignment
Keo Ruug Shrine,Dungeon022,1,1,1,provisional_assignment
Ketoh Wawai Shrine,Dungeon108,1,1,1,provisional_assignment
Kiah Toza Shrine,Dungeon128,1,1,1,provisional_assignment
Kihiro Moh Shrine,Dungeon121,1,1,1,provisional_assignment
Korgu Chideh Shrine,Dungeon097,1,1,1,provisional_assignment
Korsh O'hu Shrine,Dungeon110,1,1,1,provisional_assignment
Kuhn Sidajj Shrine,Dungeon095,1,1,1,provisional_assignment
Kuh Takkar Shrine,Dungeon043,1,1,1,provisional_assignment
Lakna Rokee Shrine,Dungeon112,1,1,1,provisional_assignment
Lanno Kooh Shrine,Dungeon104,1,1,1,provisional_assignment
Maag Halan Shrine,Dungeon106,1,1,1,provisional_assignment
Maag No'rah Shrine,Dungeon092,1,1,1,provisional_assignment
Mah Eliya Shrine,Dungeon126,1,1,1,provisional_assignment
Maka Rah Shrine,Dungeon051,3,3,3,provisional_assignment
Mezza Lo Shrine,Dungeon024,1,1,1,provisional_assignment
Mijah Rokee Shrine,Dungeon078,1,1,1,provisional_assignment
Mirro Shaz Shrine,Dungeon056,3,3,3,provisional_assignment
Misae Suma Shrine,Dungeon107,1,1,1,provisional_assignment
Mo'a Keet Shrine,Dungeon031,2,2,2,provisional_assignment
Mogg Latan Shrine,Dungeon058,3,3,3,provisional_assignment
Monya Toma Shrine,Dungeon011,1,1,1,provisional_assignment
Mozo Shenno Shrine,Dungeon087,1,1,1,provisional_assignment
Muwo Jeem Shrine,Dungeon081,1,1,1,provisional_assignment
Myahm Agana Shrine,Dungeon039,1,1,1,provisional_assignment
Namika Ozz Shrine,Dungeon079,1,1,1,provisional_assignment
Ne'ez Yohma Shrine,Dungeon005,1,1,1,provisional_assignment
Noe Rajee Shrine,Dungeon127,1,1,1,provisional_assignment
Noya Neha Shrine,Dungeon074,1,1,1,provisional_assignment
Oman Au Shrine,Dungeon038,1,1,1,provisional_assignment
Owa Daim Shrine,Dungeon009,1,1,1,provisional_assignment
Pumaag Nitae Shrine,Dungeon071,1,1,1,provisional_assignment
Qaza Tokki Shrine,Dungeon116,1,1,1,provisional_assignment
Qua Raym Shrine,Dungeon067,2,2,2,provisional_assignment
Qukah Nata Shrine,Dungeon096,1,1,1,provisional_assignment
Raqa Zunzo Shrine,Dungeon093,1,1,1,provisional_assignment
Ree Dahee Shrine,Dungeon047,1,1,1,provisional_assignment
Rin Oyaa Shrine,Dungeon042,1,1,1,provisional_assignment
Rinu Honika Shrine,Dungeon131,1,1,1,provisional_assignment
Ritaag Zumo Shrine,Dungeon109,1,1,1,provisional_assignment
Rohta Chigah Shrine,Dungeon123,1,1,1,provisional_assignment
Rok Uwog Shrine,Dungeon018,2,2,2,provisional_assignment
Rona Kachta Shrine,Dungeon115,1,1,1,provisional_assignment
Rota Ooh Shrine,Dungeon027,2,2,2,provisional_assignment
Rucco Maag Shrine,Dungeon016,2,2,2,provisional_assignment
Ruvo Korbah Shrine,Dungeon135,3,3,3,provisional_assignment
Saas Ko'sah Shrine,Dungeon089,1,1,1,provisional_assignment
Sah Dahaj Shrine,Dungeon002,1,1,1,provisional_assignment
Sasa Kai Shrine,Dungeon076,1,1,1,provisional_assignment
Sato Koda Shrine,Dungeon124,1,1,1,provisional_assignment
Shada Naw Shrine,Dungeon046,1,1,1,provisional_assignment
Shae Katha Shrine,Dungeon113,1,1,1,provisional_assignment
Shae Loya Shrine,Dungeon037,2,2,2,provisional_assignment
Shae Mo'sah Shrine,Dungeon026,4,4,4,provisional_assignment
Sha Gehma Shrine,Dungeon062,2,2,2,provisional_assignment
Shai Utoh Shrine,Dungeon050,2,2,2,provisional_assignment
Shai Yota Shrine,Dungeon114,1,1,1,provisional_assignment
Sharo Lun Shrine,Dungeon132,1,1,1,provisional_assignment
Sha Warvo Shrine,Dungeon053,2,2,2,provisional_assignment
Sheem Dagoze Shrine,Dungeon020,1,1,1,provisional_assignment
Shee Vaneer Shrine,Dungeon017,1,1,1,provisional_assignment
Shee Venath Shrine,Dungeon044,1,1,1,provisional_assignment
Sheh Rata Shrine,Dungeon023,2,2,2,provisional_assignment
Shira Gomar Shrine,Dungeon129,1,1,1,provisional_assignment
Sho Dantu Shrine,Dungeon036,1,1,1,provisional_assignment
Shoda Sah Shrine,Dungeon061,2,2,2,provisional_assignment
Shoqa Tatone Shrine,Dungeon080,1,1,1,provisional_assignment
Shora Hah Shrine,Dungeon028,6,6,6,provisional_assignment
Soh Kofi Shrine,Dungeon070,1,1,1,provisional_assignment
Suma Sahma Shrine,Dungeon090,1,1,1,provisional_assignment
Tah Muhl Shrine,Dungeon000,4,4,4,provisional_assignment
Tahno O'ah Shrine,Dungeon119,1,1,1,provisional_assignment
Takama Shiri Shrine,Dungeon134,1,1,1,provisional_assignment
Ta'loh Naeg Shrine,Dungeon099,3,3,3,provisional_assignment
Tawa Jinn Shrine,Dungeon111,1,1,1,provisional_assignment
Tena Ko'sah Shrine,Dungeon083,1,1,1,provisional_assignment
Tho Kayu Shrine,Dungeon094,1,1,1,provisional_assignment
Toh Yahsa Shrine,Dungeon021,2,2,2,provisional_assignment
To Quomo Shrine,Dungeon118,1,1,1,provisional_assignment
Toto Sah Shrine,Dungeon015,2,2,2,provisional_assignment
Tu Ka'loh Shrine,Dungeon105,1,1,1,provisional_assignment
Tutsuwa Nima Shrine,Dungeon084,1,1,1,provisional_assignment
Voo Lota Shrine,Dungeon012,2,2,2,provisional_assignment
Wahgo Katta Shrine,Dungeon057,1,1,1,provisional_assignment
Yah Rin Shrine,Dungeon006,2,2,2,provisional_assignment
Ya Naga Shrine,Dungeon068,1,1,1,provisional_assignment
Yowaka Ita Shrine,Dungeon120,2,2,2,provisional_assignment
Zalta Wa Shrine,Dungeon004,1,1,1,provisional_assignment
Ze Kasho Shrine,Dungeon048,1,1,1,provisional_assignment
Zuna Kai Shrine,Dungeon102,1,1,1,provisional_assignment
