normalized_shrine_name,display_name,dungeon_id,source_file,message_label,mapping_status
akhvaquot,Akh Va'quot Shrine,Dungeon035,Dungeon.xmsbt,Dungeon035,mapped
akhvaquot,Akh Va'quot Shrine,Dungeon035,LocationMarker.xmsbt,Dungeon035,mapped
bareedanaag,Bareeda Naag Shrine,Dungeon008,Dungeon.xmsbt,Dungeon008,mapped
bareedanaag,Bareeda Naag Shrine,Dungeon008,LocationMarker.xmsbt,Dungeon008,mapped
boshkala,Bosh Kala Shrine,Dungeon007,Dungeon.xmsbt,Dungeon007,mapped
boshkala,Bosh Kala Shrine,Dungeon007,LocationMarker.xmsbt,Dungeon007,mapped
chaasqeta,Chaas Qeta Shrine,Dungeon082,Dungeon.xmsbt,Dungeon082,mapped
chaasqeta,Chaas Qeta Shrine,Dungeon082,LocationMarker.xmsbt,Dungeon082,mapped
daagchokah,Daag Chokah Shrine,Dungeon098,Dungeon.xmsbt,Dungeon098,mapped
daagchokah,Daag Chokah Shrine,Dungeon098,LocationMarker.xmsbt,Dungeon098,mapped
dagahkeek,Dagah Keek Shrine,Dungeon101,Dungeon.xmsbt,Dungeon101,mapped
dagahkeek,Dagah Keek Shrine,Dungeon101,LocationMarker.xmsbt,Dungeon101,mapped
dahhesho,Dah Hesho Shrine,Dungeon075,Dungeon.xmsbt,Dungeon075,mapped
dahhesho,Dah Hesho Shrine,Dungeon075,LocationMarker.xmsbt,Dungeon075,mapped
dahkaso,Dah Kaso Shrine,Dungeon072,Dungeon.xmsbt,Dungeon072,mapped
dahkaso,Dah Kaso Shrine,Dungeon072,LocationMarker.xmsbt,Dungeon072,mapped
dakatuss,Daka Tuss Shrine,Dungeon033,Dungeon.xmsbt,Dungeon033,mapped
dakatuss,Daka Tuss Shrine,Dungeon033,LocationMarker.xmsbt,Dungeon033,mapped
dakotah,Dako Tah Shrine,Dungeon032,Dungeon.xmsbt,Dungeon032,mapped
dakotah,Dako Tah Shrine,Dungeon032,LocationMarker.xmsbt,Dungeon032,mapped
daqakoh,Daqa Koh Shrine,Dungeon064,Dungeon.xmsbt,Dungeon064,mapped
daqakoh,Daqa Koh Shrine,Dungeon064,LocationMarker.xmsbt,Dungeon064,mapped
daqochisay,Daqo Chisay Shrine,Dungeon060,Dungeon.xmsbt,Dungeon060,mapped
daqochisay,Daqo Chisay Shrine,Dungeon060,LocationMarker.xmsbt,Dungeon060,mapped
dilamaag,Dila Maag Shrine,Dungeon103,Dungeon.xmsbt,Dungeon103,mapped
dilamaag,Dila Maag Shrine,Dungeon103,LocationMarker.xmsbt,Dungeon103,mapped
downaeh,Dow Na'eh Shrine,Dungeon019,Dungeon.xmsbt,Dungeon019,mapped
downaeh,Dow Na'eh Shrine,Dungeon019,LocationMarker.xmsbt,Dungeon019,mapped
dunbataag,Dunba Taag Shrine,Dungeon055,Dungeon.xmsbt,Dungeon055,mapped
dunbataag,Dunba Taag Shrine,Dungeon055,LocationMarker.xmsbt,Dungeon055,mapped
etsukorima,Etsu Korima Shrine,Dungeon122,Dungeon.xmsbt,Dungeon122,mapped
geeharah,Gee Ha'rah Shrine,Dungeon052,Dungeon.xmsbt,Dungeon052,mapped
geeharah,Gee Ha'rah Shrine,Dungeon052,LocationMarker.xmsbt,Dungeon052,mapped
gomaasaagh,Goma Asaagh Shrine,Dungeon086,Dungeon.xmsbt,Dungeon086,mapped
gomaasaagh,Goma Asaagh Shrine,Dungeon086,LocationMarker.xmsbt,Dungeon086,mapped
goraetorr,Gorae Torr Shrine,Dungeon091,Dungeon.xmsbt,Dungeon091,mapped
goraetorr,Gorae Torr Shrine,Dungeon091,LocationMarker.xmsbt,Dungeon091,mapped
hadahamar,Ha Dahamar Shrine,Dungeon045,Dungeon.xmsbt,Dungeon045,mapped
hadahamar,Ha Dahamar Shrine,Dungeon045,LocationMarker.xmsbt,Dungeon045,mapped
hawakoth,Hawa Koth Shrine,Dungeon003,Dungeon.xmsbt,Dungeon003,mapped
hawakoth,Hawa Koth Shrine,Dungeon003,LocationMarker.xmsbt,Dungeon003,mapped
hiamiu,Hia Miu Shrine,Dungeon088,Dungeon.xmsbt,Dungeon088,mapped
hiamiu,Hia Miu Shrine,Dungeon088,LocationMarker.xmsbt,Dungeon088,mapped
hilarao,Hila Rao Shrine,Dungeon029,Dungeon.xmsbt,Dungeon029,mapped
hilarao,Hila Rao Shrine,Dungeon029,LocationMarker.xmsbt,Dungeon029,mapped
ishtosoh,Ishto Soh Shrine,Dungeon069,Dungeon.xmsbt,Dungeon069,mapped
ishtosoh,Ishto Soh Shrine,Dungeon069,LocationMarker.xmsbt,Dungeon069,mapped
jabaij,Ja Baij Shrine,Dungeon041,Dungeon.xmsbt,Dungeon041,mapped
jabaij,Ja Baij Shrine,Dungeon041,LocationMarker.xmsbt,Dungeon041,mapped
jeenoh,Jee Noh Shrine,Dungeon001,Dungeon.xmsbt,Dungeon001,mapped
jeenoh,Jee Noh Shrine,Dungeon001,LocationMarker.xmsbt,Dungeon001,mapped
jitansami,Jitan Sa'mi Shrine,Dungeon117,Dungeon.xmsbt,Dungeon117,mapped
jitansami,Jitan Sa'mi Shrine,Dungeon117,LocationMarker.xmsbt,Dungeon117,mapped
joloonah,Joloo Nah Shrine,Dungeon030,Dungeon.xmsbt,Dungeon030,mapped
joloonah,Joloo Nah Shrine,Dungeon030,LocationMarker.xmsbt,Dungeon030,mapped
kaamyatak,Kaam Ya'tak Shrine,Dungeon040,Dungeon.xmsbt,Dungeon040,mapped
kaamyatak,Kaam Ya'tak Shrine,Dungeon040,LocationMarker.xmsbt,Dungeon040,mapped
kahmael,Kah Mael Shrine,Dungeon066,Dungeon.xmsbt,Dungeon066,mapped
kahmael,Kah Mael Shrine,Dungeon066,LocationMarker.xmsbt,Dungeon066,mapped
kahokeo,Kah Okeo Shrine,Dungeon059,Dungeon.xmsbt,Dungeon059,mapped
kahokeo,Kah Okeo Shrine,Dungeon059,LocationMarker.xmsbt,Dungeon059,mapped
kahyah,Kah Yah Shrine,Dungeon034,Dungeon.xmsbt,Dungeon034,mapped
kahyah,Kah Yah Shrine,Dungeon034,LocationMarker.xmsbt,Dungeon034,mapped
kamiaomuna,Kamia Omuna Shrine,Dungeon130,Dungeon.xmsbt,Dungeon130,mapped
kamurog,Kam Urog Shrine,Dungeon014,Dungeon.xmsbt,Dungeon014,mapped
kamurog,Kam Urog Shrine,Dungeon014,LocationMarker.xmsbt,Dungeon014,mapped
kaomakagh,Ka'o Makagh Shrine,Dungeon054,Dungeon.xmsbt,Dungeon054,mapped
kaomakagh,Ka'o Makagh Shrine,Dungeon054,LocationMarker.xmsbt,Dungeon054,mapped
katahchuki,Katah Chuki Shrine,Dungeon073,Dungeon.xmsbt,Dungeon073,mapped
katahchuki,Katah Chuki Shrine,Dungeon073,LocationMarker.xmsbt,Dungeon073,mapped
katosaaug,Katosa Aug Shrine,Dungeon013,Dungeon.xmsbt,Dungeon013,mapped
katosaaug,Katosa Aug Shrine,Dungeon013,LocationMarker.xmsbt,Dungeon013,mapped
kayawan,Kaya Wan Shrine,Dungeon049,Dungeon.xmsbt,Dungeon049,mapped
kayawan,Kaya Wan Shrine,Dungeon049,LocationMarker.xmsbt,Dungeon049,mapped
kaynoh,Kay Noh Shrine,Dungeon010,Dungeon.xmsbt,Dungeon010,mapped
kaynoh,Kay Noh Shrine,Dungeon010,LocationMarker.xmsbt,Dungeon010,mapped
kayramah,Kayra Mah Shrine,Dungeon025,Dungeon.xmsbt,Dungeon025,mapped
kayramah,Kayra Mah Shrine,Dungeon025,LocationMarker.xmsbt,Dungeon025,mapped
keedafunia,Kee Dafunia Shrine,Dungeon125,Dungeon.xmsbt,Dungeon125,mapped
keehayoog,Keeha Yoog Shrine,Dungeon100,Dungeon.xmsbt,Dungeon100,mapped
keehayoog,Keeha Yoog Shrine,Dungeon100,LocationMarker.xmsbt,Dungeon100,mapped
kehnamut,Keh Namut Shrine,Dungeon065,Dungeon.xmsbt,Dungeon065,mapped
kehnamut,Keh Namut Shrine,Dungeon065,LocationMarker.xmsbt,Dungeon065,mapped
keivetala,Keive Tala Shrine,Dungeon133,Dungeon.xmsbt,Dungeon133,mapped
kemakosassa,Kema Kosassa Shrine,Dungeon085,Dungeon.xmsbt,Dungeon085,mapped
kemakosassa,Kema Kosassa Shrine,Dungeon085,LocationMarker.xmsbt,Dungeon085,mapped
kemazoos,Kema Zoos Shrine,Dungeon063,Dungeon.xmsbt,Dungeon063,mapped
kemazoos,Kema Zoos Shrine,Dungeon063,LocationMarker.xmsbt,Dungeon063,mapped
kenaishakah,Ke'nai Shakah Shrine,Dungeon077,Dungeon.xmsbt,Dungeon077,mapped
kenaishakah,Ke'nai Shakah Shrine,Dungeon077,LocationMarker.xmsbt,Dungeon077,mapped
keoruug,Keo Ruug Shrine,Dungeon022,Dungeon.xmsbt,Dungeon022,mapped
keoruug,Keo Ruug Shrine,Dungeon022,LocationMarker.xmsbt,Dungeon022,mapped
ketohwawai,Ketoh Wawai Shrine,Dungeon108,Dungeon.xmsbt,Dungeon108,mapped
ketohwawai,Ketoh Wawai Shrine,Dungeon108,LocationMarker.xmsbt,Dungeon108,mapped
kiahtoza,Kiah Toza Shrine,Dungeon128,Dungeon.xmsbt,Dungeon128,mapped
kihiromoh,Kihiro Moh Shrine,Dungeon121,Dungeon.xmsbt,Dungeon121,mapped
korguchideh,Korgu Chideh Shrine,Dungeon097,Dungeon.xmsbt,Dungeon097,mapped
korguchideh,Korgu Chideh Shrine,Dungeon097,LocationMarker.xmsbt,Dungeon097,mapped
korshohu,Korsh O'hu Shrine,Dungeon110,Dungeon.xmsbt,Dungeon110,mapped
korshohu,Korsh O'hu Shrine,Dungeon110,LocationMarker.xmsbt,Dungeon110,mapped
kuhnsidajj,Kuhn Sidajj Shrine,Dungeon095,Dungeon.xmsbt,Dungeon095,mapped
kuhnsidajj,Kuhn Sidajj Shrine,Dungeon095,LocationMarker.xmsbt,Dungeon095,mapped
kuhtakkar,Kuh Takkar Shrine,Dungeon043,Dungeon.xmsbt,Dungeon043,mapped
kuhtakkar,Kuh Takkar Shrine,Dungeon043,LocationMarker.xmsbt,Dungeon043,mapped
laknarokee,Lakna Rokee Shrine,Dungeon112,Dungeon.xmsbt,Dungeon112,mapped
laknarokee,Lakna Rokee Shrine,Dungeon112,LocationMarker.xmsbt,Dungeon112,mapped
lannokooh,Lanno Kooh Shrine,Dungeon104,Dungeon.xmsbt,Dungeon104,mapped
lannokooh,Lanno Kooh Shrine,Dungeon104,LocationMarker.xmsbt,Dungeon104,mapped
maaghalan,Maag Halan Shrine,Dungeon106,Dungeon.xmsbt,Dungeon106,mapped
maaghalan,Maag Halan Shrine,Dungeon106,LocationMarker.xmsbt,Dungeon106,mapped
maagnorah,Maag No'rah Shrine,Dungeon092,Dungeon.xmsbt,Dungeon092,mapped
maagnorah,Maag No'rah Shrine,Dungeon092,LocationMarker.xmsbt,Dungeon092,mapped
maheliya,Mah Eliya Shrine,Dungeon126,Dungeon.xmsbt,Dungeon126,mapped
makarah,Maka Rah Shrine,Dungeon051,Dungeon.xmsbt,Dungeon051,mapped
makarah,Maka Rah Shrine,Dungeon051,LocationMarker.xmsbt,Dungeon051,mapped
mezzalo,Mezza Lo Shrine,Dungeon024,Dungeon.xmsbt,Dungeon024,mapped
mezzalo,Mezza Lo Shrine,Dungeon024,LocationMarker.xmsbt,Dungeon024,mapped
mijahrokee,Mijah Rokee Shrine,Dungeon078,Dungeon.xmsbt,Dungeon078,mapped
mijahrokee,Mijah Rokee Shrine,Dungeon078,LocationMarker.xmsbt,Dungeon078,mapped
mirroshaz,Mirro Shaz Shrine,Dungeon056,Dungeon.xmsbt,Dungeon056,mapped
mirroshaz,Mirro Shaz Shrine,Dungeon056,LocationMarker.xmsbt,Dungeon056,mapped
misaesuma,Misae Suma Shrine,Dungeon107,Dungeon.xmsbt,Dungeon107,mapped
misaesuma,Misae Suma Shrine,Dungeon107,LocationMarker.xmsbt,Dungeon107,mapped
moakeet,Mo'a Keet Shrine,Dungeon031,Dungeon.xmsbt,Dungeon031,mapped
moakeet,Mo'a Keet Shrine,Dungeon031,LocationMarker.xmsbt,Dungeon031,mapped
mogglatan,Mogg Latan Shrine,Dungeon058,Dungeon.xmsbt,Dungeon058,mapped
mogglatan,Mogg Latan Shrine,Dungeon058,LocationMarker.xmsbt,Dungeon058,mapped
monyatoma,Monya Toma Shrine,Dungeon011,Dungeon.xmsbt,Dungeon011,mapped
monyatoma,Monya Toma Shrine,Dungeon011,LocationMarker.xmsbt,Dungeon011,mapped
mozoshenno,Mozo Shenno Shrine,Dungeon087,Dungeon.xmsbt,Dungeon087,mapped
mozoshenno,Mozo Shenno Shrine,Dungeon087,LocationMarker.xmsbt,Dungeon087,mapped
muwojeem,Muwo Jeem Shrine,Dungeon081,Dungeon.xmsbt,Dungeon081,mapped
muwojeem,Muwo Jeem Shrine,Dungeon081,LocationMarker.xmsbt,Dungeon081,mapped
myahmagana,Myahm Agana Shrine,Dungeon039,Dungeon.xmsbt,Dungeon039,mapped
myahmagana,Myahm Agana Shrine,Dungeon039,LocationMarker.xmsbt,Dungeon039,mapped
namikaozz,Namika Ozz Shrine,Dungeon079,Dungeon.xmsbt,Dungeon079,mapped
namikaozz,Namika Ozz Shrine,Dungeon079,LocationMarker.xmsbt,Dungeon079,mapped
neezyohma,Ne'ez Yohma Shrine,Dungeon005,Dungeon.xmsbt,Dungeon005,mapped
neezyohma,Ne'ez Yohma Shrine,Dungeon005,LocationMarker.xmsbt,Dungeon005,mapped
noerajee,Noe Rajee Shrine,Dungeon127,Dungeon.xmsbt,Dungeon127,mapped
noyaneha,Noya Neha Shrine,Dungeon074,Dungeon.xmsbt,Dungeon074,mapped
noyaneha,Noya Neha Shrine,Dungeon074,LocationMarker.xmsbt,Dungeon074,mapped
omanau,Oman Au Shrine,Dungeon038,Dungeon.xmsbt,Dungeon038,mapped
omanau,Oman Au Shrine,Dungeon038,LocationMarker.xmsbt,Dungeon038,mapped
owadaim,Owa Daim Shrine,Dungeon009,Dungeon.xmsbt,Dungeon009,mapped
owadaim,Owa Daim Shrine,Dungeon009,LocationMarker.xmsbt,Dungeon009,mapped
pumaagnitae,Pumaag Nitae Shrine,Dungeon071,Dungeon.xmsbt,Dungeon071,mapped
pumaagnitae,Pumaag Nitae Shrine,Dungeon071,LocationMarker.xmsbt,Dungeon071,mapped
qazatokki,Qaza Tokki Shrine,Dungeon116,Dungeon.xmsbt,Dungeon116,mapped
qazatokki,Qaza Tokki Shrine,Dungeon116,LocationMarker.xmsbt,Dungeon116,mapped
quaraym,Qua Raym Shrine,Dungeon067,Dungeon.xmsbt,Dungeon067,mapped
quaraym,Qua Raym Shrine,Dungeon067,LocationMarker.xmsbt,Dungeon067,mapped
qukahnata,Qukah Nata Shrine,Dungeon096,Dungeon.xmsbt,Dungeon096,mapped
qukahnata,Qukah Nata Shrine,Dungeon096,LocationMarker.xmsbt,Dungeon096,mapped
raqazunzo,Raqa Zunzo Shrine,Dungeon093,Dungeon.xmsbt,Dungeon093,mapped
raqazunzo,Raqa Zunzo Shrine,Dungeon093,LocationMarker.xmsbt,Dungeon093,mapped
reedahee,Ree Dahee Shrine,Dungeon047,Dungeon.xmsbt,Dungeon047,mapped
reedahee,Ree Dahee Shrine,Dungeon047,LocationMarker.xmsbt,Dungeon047,mapped
rinoyaa,Rin Oyaa Shrine,Dungeon042,Dungeon.xmsbt,Dungeon042,mapped
rinoyaa,Rin Oyaa Shrine,Dungeon042,LocationMarker.xmsbt,Dungeon042,mapped
rinuhonika,Rinu Honika Shrine,Dungeon131,Dungeon.xmsbt,Dungeon131,mapped
ritaagzumo,Ritaag Zumo Shrine,Dungeon109,Dungeon.xmsbt,Dungeon109,mapped
ritaagzumo,Ritaag Zumo Shrine,Dungeon109,LocationMarker.xmsbt,Dungeon109,mapped
rohtachigah,Rohta Chigah Shrine,Dungeon123,Dungeon.xmsbt,Dungeon123,mapped
rokuwog,Rok Uwog Shrine,Dungeon018,Dungeon.xmsbt,Dungeon018,mapped
rokuwog,Rok Uwog Shrine,Dungeon018,LocationMarker.xmsbt,Dungeon018,mapped
ronakachta,Rona Kachta Shrine,Dungeon115,Dungeon.xmsbt,Dungeon115,mapped
ronakachta,Rona Kachta Shrine,Dungeon115,LocationMarker.xmsbt,Dungeon115,mapped
rotaooh,Rota Ooh Shrine,Dungeon027,Dungeon.xmsbt,Dungeon027,mapped
rotaooh,Rota Ooh Shrine,Dungeon027,LocationMarker.xmsbt,Dungeon027,mapped
ruccomaag,Rucco Maag Shrine,Dungeon016,Dungeon.xmsbt,Dungeon016,mapped
ruccomaag,Rucco Maag Shrine,Dungeon016,LocationMarker.xmsbt,Dungeon016,mapped
ruvokorbah,Ruvo Korbah Shrine,Dungeon135,Dungeon.xmsbt,Dungeon135,mapped
saaskosah,Saas Ko'sah Shrine,Dungeon089,Dungeon.xmsbt,Dungeon089,mapped
saaskosah,Saas Ko'sah Shrine,Dungeon089,LocationMarker.xmsbt,Dungeon089,mapped
sahdahaj,Sah Dahaj Shrine,Dungeon002,Dungeon.xmsbt,Dungeon002,mapped
sahdahaj,Sah Dahaj Shrine,Dungeon002,LocationMarker.xmsbt,Dungeon002,mapped
sasakai,Sasa Kai Shrine,Dungeon076,Dungeon.xmsbt,Dungeon076,mapped
sasakai,Sasa Kai Shrine,Dungeon076,LocationMarker.xmsbt,Dungeon076,mapped
satokoda,Sato Koda Shrine,Dungeon124,Dungeon.xmsbt,Dungeon124,mapped
shadanaw,Shada Naw Shrine,Dungeon046,Dungeon.xmsbt,Dungeon046,mapped
shadanaw,Shada Naw Shrine,Dungeon046,LocationMarker.xmsbt,Dungeon046,mapped
shaekatha,Shae Katha Shrine,Dungeon113,Dungeon.xmsbt,Dungeon113,mapped
shaekatha,Shae Katha Shrine,Dungeon113,LocationMarker.xmsbt,Dungeon113,mapped
shaeloya,Shae Loya Shrine,Dungeon037,Dungeon.xmsbt,Dungeon037,mapped
shaeloya,Shae Loya Shrine,Dungeon037,LocationMarker.xmsbt,Dungeon037,mapped
shaemosah,Shae Mo'sah Shrine,Dungeon026,Dungeon.xmsbt,Dungeon026,mapped
shaemosah,Shae Mo'sah Shrine,Dungeon026,LocationMarker.xmsbt,Dungeon026,mapped
shagehma,Sha Gehma Shrine,Dungeon062,Dungeon.xmsbt,Dungeon062,mapped
shagehma,Sha Gehma Shrine,Dungeon062,LocationMarker.xmsbt,Dungeon062,mapped
shaiutoh,Shai Utoh Shrine,Dungeon050,Dungeon.xmsbt,Dungeon050,mapped
shaiutoh,Shai Utoh Shrine,Dungeon050,LocationMarker.xmsbt,Dungeon050,mapped
shaiyota,Shai Yota Shrine,Dungeon114,Dungeon.xmsbt,Dungeon114,mapped
shaiyota,Shai Yota Shrine,Dungeon114,LocationMarker.xmsbt,Dungeon114,mapped
sharolun,Sharo Lun Shrine,Dungeon132,Dungeon.xmsbt,Dungeon132,mapped
shawarvo,Sha Warvo Shrine,Dungeon053,Dungeon.xmsbt,Dungeon053,mapped
shawarvo,Sha Warvo Shrine,Dungeon053,LocationMarker.xmsbt,Dungeon053,mapped
sheemdagoze,Sheem Dagoze Shrine,Dungeon020,Dungeon.xmsbt,Dungeon020,mapped
sheemdagoze,Sheem Dagoze Shrine,Dungeon020,LocationMarker.xmsbt,Dungeon020,mapped
sheevaneer,Shee Vaneer Shrine,Dungeon017,Dungeon.xmsbt,Dungeon017,mapped
sheevaneer,Shee Vaneer Shrine,Dungeon017,LocationMarker.xmsbt,Dungeon017,mapped
sheevenath,Shee Venath Shrine,Dungeon044,Dungeon.xmsbt,Dungeon044,mapped
sheevenath,Shee Venath Shrine,Dungeon044,LocationMarker.xmsbt,Dungeon044,mapped
shehrata,Sheh Rata Shrine,Dungeon023,Dungeon.xmsbt,Dungeon023,mapped
shehrata,Sheh Rata Shrine,Dungeon023,LocationMarker.xmsbt,Dungeon023,mapped
shiragomar,Shira Gomar Shrine,Dungeon129,Dungeon.xmsbt,Dungeon129,mapped
shodantu,Sho Dantu Shrine,Dungeon036,Dungeon.xmsbt,Dungeon036,mapped
shodantu,Sho Dantu Shrine,Dungeon036,LocationMarker.xmsbt,Dungeon036,mapped
shodasah,Shoda Sah Shrine,Dungeon061,Dungeon.xmsbt,Dungeon061,mapped
shodasah,Shoda Sah Shrine,Dungeon061,LocationMarker.xmsbt,Dungeon061,mapped
shoqatatone,Shoqa Tatone Shrine,Dungeon080,Dungeon.xmsbt,Dungeon080,mapped
shoqatatone,Shoqa Tatone Shrine,Dungeon080,LocationMarker.xmsbt,Dungeon080,mapped
shorahah,Shora Hah Shrine,Dungeon028,Dungeon.xmsbt,Dungeon028,mapped
shorahah,Shora Hah Shrine,Dungeon028,LocationMarker.xmsbt,Dungeon028,mapped
sohkofi,Soh Kofi Shrine,Dungeon070,Dungeon.xmsbt,Dungeon070,mapped
sohkofi,Soh Kofi Shrine,Dungeon070,LocationMarker.xmsbt,Dungeon070,mapped
sumasahma,Suma Sahma Shrine,Dungeon090,Dungeon.xmsbt,Dungeon090,mapped
sumasahma,Suma Sahma Shrine,Dungeon090,LocationMarker.xmsbt,Dungeon090,mapped
tahmuhl,Tah Muhl Shrine,Dungeon000,Dungeon.xmsbt,Dungeon000,mapped
tahmuhl,Tah Muhl Shrine,Dungeon000,LocationMarker.xmsbt,Dungeon000,mapped
tahnooah,Tahno O'ah Shrine,Dungeon119,Dungeon.xmsbt,Dungeon119,mapped
tahnooah,Tahno O'ah Shrine,Dungeon119,LocationMarker.xmsbt,Dungeon119,mapped
takamashiri,Takama Shiri Shrine,Dungeon134,Dungeon.xmsbt,Dungeon134,mapped
talohnaeg,Ta'loh Naeg Shrine,Dungeon099,Dungeon.xmsbt,Dungeon099,mapped
talohnaeg,Ta'loh Naeg Shrine,Dungeon099,LocationMarker.xmsbt,Dungeon099,mapped
tawajinn,Tawa Jinn Shrine,Dungeon111,Dungeon.xmsbt,Dungeon111,mapped
tawajinn,Tawa Jinn Shrine,Dungeon111,LocationMarker.xmsbt,Dungeon111,mapped
tenakosah,Tena Ko'sah Shrine,Dungeon083,Dungeon.xmsbt,Dungeon083,mapped
tenakosah,Tena Ko'sah Shrine,Dungeon083,LocationMarker.xmsbt,Dungeon083,mapped
thokayu,Tho Kayu Shrine,Dungeon094,Dungeon.xmsbt,Dungeon094,mapped
thokayu,Tho Kayu Shrine,Dungeon094,LocationMarker.xmsbt,Dungeon094,mapped
tohyahsa,Toh Yahsa Shrine,Dungeon021,Dungeon.xmsbt,Dungeon021,mapped
tohyahsa,Toh Yahsa Shrine,Dungeon021,LocationMarker.xmsbt,Dungeon021,mapped
toquomo,To Quomo Shrine,Dungeon118,Dungeon.xmsbt,Dungeon118,mapped
toquomo,To Quomo Shrine,Dungeon118,LocationMarker.xmsbt,Dungeon118,mapped
totosah,Toto Sah Shrine,Dungeon015,Dungeon.xmsbt,Dungeon015,mapped
totosah,Toto Sah Shrine,Dungeon015,LocationMarker.xmsbt,Dungeon015,mapped
tukaloh,Tu Ka'loh Shrine,Dungeon105,Dungeon.xmsbt,Dungeon105,mapped
tukaloh,Tu Ka'loh Shrine,Dungeon105,LocationMarker.xmsbt,Dungeon105,mapped
tutsuwanima,Tutsuwa Nima Shrine,Dungeon084,Dungeon.xmsbt,Dungeon084,mapped
tutsuwanima,Tutsuwa Nima Shrine,Dungeon084,LocationMarker.xmsbt,Dungeon084,mapped
voolota,Voo Lota Shrine,Dungeon012,Dungeon.xmsbt,Dungeon012,mapped
voolota,Voo Lota Shrine,Dungeon012,LocationMarker.xmsbt,Dungeon012,mapped
wahgokatta,Wahgo Katta Shrine,Dungeon057,Dungeon.xmsbt,Dungeon057,mapped
wahgokatta,Wahgo Katta Shrine,Dungeon057,LocationMarker.xmsbt,Dungeon057,mapped
yahrin,Yah Rin Shrine,Dungeon006,Dungeon.xmsbt,Dungeon006,mapped
yahrin,Yah Rin Shrine,Dungeon006,LocationMarker.xmsbt,Dungeon006,mapped
yanaga,Ya Naga Shrine,Dungeon068,Dungeon.xmsbt,Dungeon068,mapped
yanaga,Ya Naga Shrine,Dungeon068,LocationMarker.xmsbt,Dungeon068,mapped
yowakaita,Yowaka Ita Shrine,Dungeon120,Dungeon.xmsbt,Dungeon120,mapped
zaltawa,Zalta Wa Shrine,Dungeon004,Dungeon.xmsbt,Dungeon004,mapped
zaltawa,Zalta Wa Shrine,Dungeon004,LocationMarker.xmsbt,Dungeon004,mapped
zekasho,Ze Kasho Shrine,Dungeon048,Dungeon.xmsbt,Dungeon048,mapped
zekasho,Ze Kasho Shrine,Dungeon048,LocationMarker.xmsbt,Dungeon048,mapped
zunakai,Zuna Kai Shrine,Dungeon102,Dungeon.xmsbt,Dungeon102,mapped
zunakai,Zuna Kai Shrine,Dungeon102,LocationMarker.xmsbt,Dungeon102,mapped
